Video_ID,View Count,Like Count,Comment Count
--8n6A8Q6M0,338385,11044,1371
-0FfyNZdHk0,147,4,1
-1B7cVoZr1c,150876,3011,225
-4yu_13EHFM,28277,1158,381
-6FvAU9H98w,63409,1277,110
-7vF5F-1btE,87790,4502,177
-9ACKA4sQ4U,162,0,0
-9bfDHHneyU,97677,4566,140
-9hDaG3nJwg,760108,33245,1568
-C5iB25BRsA,549589,12612,2662
#NAME?,306703,9252,319
#NAME?,120938,2386,197
#NAME?,23889,1414,107
#NAME?,11762,0,164
#NAME?,560813,16375,328
#NAME?,714,32,7
#NAME?,3734,181,48
-Pe-c-CHkIo,8531,49,3
#NAME?,557092,2691,0
-U5-r29G-t0,13852,493,66
#NAME?,123482,4555,156
-Wgdk-C7Rb8,5418,284,32
#NAME?,5962,201,14
#NAME?,1662516,69420,6889
#NAME?,18560,1301,54
#NAME?,51420,2114,199
#NAME?,160253,4334,473
#NAME?,474195,11212,1279
#NAME?,7564,190,87
#NAME?,97023,5310,566
#NAME?,2025,134,86
#NAME?,47613,3342,197
#NAME?,441139,7023,634
#NAME?,85800,2787,279
#NAME?,15672,555,10
0-_hHvFLbFQ,168941,7155,199
0-dAyU-yUWk,13440,452,111
008Fi25LbKY,38308,2288,204
00qBuhJeG-o,36151,0,74
01CgNpWKero,7772,258,26
026urE67c8c,111948,3939,497
06Qq4to_l10,6820,223,41
06YeEjVLC0E,6830,461,184
06hhcGs3J88,93184,3618,245
07dy2r8Cl6w,28439,1040,179
09HUMZrCH3A,717197,28185,1575
0AuL6FQR3HE,13931,414,62
0Ci6zVWeFWw,279121,9931,597
0Cj35oMbb9Q,424254,7287,770
0E4c8VDmUTk,93762,3137,256
0ENcrVkHwBY,46480,1778,192
0G5jfRhHsqg,2897,99,18
0GVD-9hxk_s,239,32,0
0IJm5TFpldU,6334,583,52
0IMWasj76yU,959,31,1
0IUVhutkQaI,27723,2149,340
0JiN_E6wK-E,5777,442,68
0KOXxVJx0sk,1683,80,19
0KqsD2FS-DM,61903,527,21
0KyvSgEO6Fc,55633,2832,781
0Lod4Yyv3qc,385699,11398,642
0Mnau-zACiE,773859,20105,2463
0O2i843tdU4,1419681,29189,4343
0PKfbccBsBQ,2388,88,12
0PRBBJPpMrE,575,32,8
0Pm8OGDsikk,1729,89,0
0Pon0lDng8I,171150,3080,162
0Qps64cK1CA,34542,984,0
0Qr12Zerphs,21975,527,32
0Rge7nN8wss,140,95,0
0SW__3H_mNs,271,27,8
0SlWsnwIWN4,8949,173,51
0UDH4y28YVQ,3674,184,53
0UFz5YQk8o0,4858,201,19
0UwKgcvcK5k,50245,1373,69
0VEAGpTrYi8,65598,1878,52
0_6HMZjStiQ,44376,2116,245
0_pTnqziRqo,247720,10465,561
0ax6XooGykc,21561,473,67
0cec9CL-hmE,1070,156,72
0e2__WsRZdg,159732,3519,80
0eQRhbi0AcM,393,32,6
0eTmLcoLe9s,11391,251,41
0edjY4t_8X8,1144,93,8
0f3m80ZA8BM,36432,276,31
0gBZLqvonWw,543,25,3
0h8i66OAWjM,40201,2502,99
0hjnu1Hjbo4,83254,3719,310
0iNlBNR9PGE,8099,265,34
0i_ZIWC0c1M,962200,22279,1729
0icIUe7SCcQ,384,36,45
0jgSvwOOn4Y,223422,6253,236
0mDJwB6DLvg,475,5,3
0nRXbv67-4M,215273,11612,1443
0nVPBJnjzeI,135614,9096,323
0nhplwwV_9g,67708,4445,149
0o5lQ6LZ4rI,101413,5027,202
0ovXuSBwktM,2973980,29696,1560
0qIhFhM6eKw,11350,528,106
0r-T21BKkMk,627984,17417,798
0r3rU0ipuiQ,64496,2223,112
0rGpMzBcnX4,42704,908,77
0rqsRvyIvIc,566084,11105,1188
0s6stvGVAEk,11556,158,10
0tA3LAVwkIo,221727,4402,383
0uJu9JkxNwI,7106,99,22
0vtbuxqyclc,96038,5747,474
0yqdgfLWhpM,24235,1089,228
0z_UIEHwskI,936507,29805,4318
0zkiGw4F5Pw,186756,9030,513
0zyiBgLpoeE,73796,4361,307
1-4pxMY9rq8,1419753,10231,2331
1-b2aT0of_Y,946226,22996,3730
1-m9KLTaeaI,655,18,19
12cGM8Quszs,144723,5805,170
12t-wjHSq5c,10537,841,120
13VgNwbbOcw,6915,321,0
13wZEXCrprY,2466,193,11
1427-FjkU3s,234,4,13
15O6Q7JINkE,22214,100,28
160z2kH-pfQ,881045,16946,696
16GQKjDDrXM,18318,237,71
17JEASUW0zI,568,14,6
185FT0mCgvc,161278,3322,607
18Iluqov9Xk,61,1,0
18oXZbC_RYI,72138,3645,462
196oXdYgBEs,114570,3524,297
1C753eMNsKg,94533,3034,250
1Ccsgr9T69Q,33480,2833,499
1D9m0RkEwTg,25580,1895,323
1FJE4khqN8c,150585,5949,507
1GHM1QQDSrI,76510,2268,289
1HEOo6a91yY,94818,3708,500
1Kd2j0RUjrg,5172,381,22
1Kgct3YJoJU,23498,850,153
1MCRXw7u1qs,96605,5065,227
1MNqENRG1Bk,780,106,9
1QHRFZwKSMw,214774,7879,271
1REnqKrSTls,1722102,38099,2372
1Ucsm6J24Us,5344,311,42
1WH_VEicE-8,130670,5160,379
1YXmTTKljwk,33575,1580,204
1aZ4UYjlHEA,67802,3870,116
1e0Aed3Xx2c,100788,2686,76
1fSsyZeYVp8,164,10,3
1fX8P6jZIGE,829,40,2
1hR4G8d9WQ8,82730,3211,668
1kErCqgIVMk,49358,1637,535
1kqTWaM9FsY,251,19,18
1o_Zw6LbLnU,9016,1074,41
1qa9wW9Qghs,17474,938,173
1qe4A4gGhIA,1808,127,35
1qvAJGZYr3E,152895,4905,204
1rlXGI3NnTU,23668,855,71
1rvvN5No_Yk,313313,4015,797
1yG9Kki_BNg,15705,603,253
1zHTRAYF5F0,174598,6950,291
20SwObTtOB8,34070,615,97
227xidPFDng,29291,1103,64
23GYjckuz9E,69919,3539,316
23GlZtU6eVY,10058,332,35
23L8K7nOG_c,1569,149,45
23cDngtz2Mo,113455,4564,594
255FPlIIomg,21634,1198,128
27DfJdlizR8,15019,623,173
27yofdZnH9s,1665247,63100,4746
28K1KJwvuBI,2488875,105629,2277
29tdn7VHGOY,55194,3228,158
2ANT-UEHGLc,4018,153,21
2CLpCOnn-tk,115258,5362,720
2DBEblhgaJk,115071,6236,135
2DIqmd6yQBY,74069,974,42
2D_v3mrBmGI,28886,1347,69
2E-52BubRvM,242678,7500,279
2Emt_xXktmI,1968,50,5
2FHnLyeuvt0,28912,829,104
2Fb8gaX-PFs,126048,1347,46
2G4w9gH8iEs,1758775,56626,3594
2GS8wQxCC9M,151883,5061,303
2HpGUdqGwdc,47221,1212,189
2I0UVHXizcA,1118639,38917,1492
2IhEU5rzUOE,21210,1482,160
2JF7m9fNMBo,57739,587,38
2KmDs7fyymk,33079,1920,151
2MJvug6QOgA,351693,10759,2012
2OT5Pcl4iF0,481807,11728,1362
2Ol8aJTPEl4,80975,3502,345
2P1ccsT_vKk,5746,328,0
2PUZu5SE83s,91875,4435,623
2Pn0MNwUjM0,6261,362,17
2S4TBBvNJ7E,1779,0,12
2S5dxNFf9zM,646852,24356,1671
2TETrMU1Q3I,73099,621,129
2TZut-fFaII,43455,2986,401
2TghJw4IZZ0,18190,941,50
2TkGKRUcH9M,788,9,15
2TmagN6RhkI,530469,14287,941
2Y5LjRWFfkk,120598,992,60
2cSj4R5OqN0,1390864,39103,1425
2cXlM4qr8Lw,115846,7030,232
2cj-ZOqXn0s,319371,1937,419
2e1ryHgn6ag,90252,3113,71
2ftG8JuMzz4,20462,558,7
2g3Gu9cA_AU,548738,39987,1758
2g63ty8ySoM,16,0,0
2gDO3w-Zv5Q,1367433,17199,3971
2iPplpNHjTQ,220236,9980,1484
2j2xM_D4mFc,3352,242,69
2j_1TomiT9Q,55754,2592,86
2l94S4_jMTY,374351,16194,1802
2lXdrSXl9Io,32516,1147,163
2n67uXYSG5c,1194,99,24
2nb7W-iphsk,165324,7215,511
2ncOVB0wTtc,58657,1865,451
2pGWzr7QXtU,412532,10648,922
2qgmxrekr0g,50642955,777575,28951
2qqc_Mx3zuI,1576,22,0
2sZQWjSUx74,23233,1926,86
2sZh5FtJRb8,11977,640,146
2sb7GzhpLBQ,164519,2429,1283
2shoun41cW0,6867,122,4
2v29gYhPgkI,199869,3143,262
2w7MEv0-yMs,28962,840,81
2xCg-XC_H2g,538,9,0
2xD1WA0YVUE,763553,13903,851
2xLHVJNTjn4,9357,62,25
2xzBWVrG27M,16133,710,258
30NXj6O44r8,9144,442,32
30f7VYKKd2s,120424,5269,543
32nRdJOPP-4,39633,338,15
33Q14vlsZqo,1575,45,14
344HnNjBD2Y,114436,3044,480
34VMEMaI3vw,4589,254,29
35THbgakNBk,147850,8411,1212
36NXapTl4Ts,796,35,8
37rYKJfsYmo,515862,21705,1924
39s28fwxQfM,657818,13023,680
3B3unElpNwQ,558416,13397,2886
3CQwCDZbUrk,1286,113,0
3DJpy-yikrc,23313,643,308
3DUQ5TCoQyk,13651,562,145
3DVDdquBk5c,283051,4181,261
3GfHcEvWfIo,62349,1307,226
3GkauoR2xgE,1947484,82851,2580
3KvTMgth1PE,13031,658,20
3Kw44btvK5E,97239,2419,227
3Lz2ntvDBFQ,53598,681,174
3NHSsHi3h0M,2727836,73142,7557
3PKGOy6PoiQ,147694,2296,189
3PVx1yM2YvQ,79816,3781,181
3PpNx0dV-LY,487461,6521,903
3QFkmOO9Tl8,135281,5183,523
3Qfr55KRGgE,8758,728,106
3TxugOC8su0,6205396,214416,0
3UHLwAKF1Is,51898,3789,121
3UI99FyrUc4,5310,246,34
3WB_7DYb8zA,41016,3550,405
3WQWPlvNZIo,1908,62,12
3Wh8qKGc5K0,52674,1098,107
3ZgHEAM_-Fw,2832,63,11
3_ms_C3ElA0,1731871,38107,3206
3aoRaEgunEQ,928,38,1
3b6lSIIqnUs,8952,108,9
3bZp6Tauo5c,2893,77,10
3eWmsTsgWkQ,45308,3684,291
3fPIsGv3eik,82946,4849,332
3gXTOa6Zskw,1097328,23717,10009
3hc7N_uOHdw,1672973,36100,3367
3kftPeWMvLk,54740,2662,356
3ksZkJHTlOc,6103,204,40
3l2X_pIMB0Q,4861,588,17
3lO1tIs9IJc,3696,367,70
3lgwd5aEilU,14346,1428,84
3n1nspLgfd4,156273,6998,244
3oTOIi8ysLo,11622,163,90
3rCmwCu5JOs,85258,3886,318
3rKffuFJYNk,74965,4692,516
3rRNKYvoDsQ,20648,848,119
3sNSRgq-4l8,274322,5209,5700
3sVrbsvXWQ0,291,4,10
3tdQO7zvmcA,76655,4200,445
3uEH8rj5cw8,174510,6573,460
3uOf_FMbW54,4946,52,12
3uSIf529AOg,147482,5892,347
3vouclvykqE,26309,424,139
3wP6uF6KEU4,45920,2295,267
3x5rJk4R4gE,401780,0,125
3xy9jS1KwvY,188856,6116,1404
3y0EwY-WGBQ,1227367,33442,1645
3zq5EhLuE2g,226307,10264,1314
401ZvQ11euA,559167,12346,4910
41nyoe4buzw,15241,496,51
42sibaGVjY8,2030407,58860,8471
42t6Jk4JXrA,80955,2292,308
43SNx2y2Zt0,31669,1901,202
45MuxKYi-t0,75268,3878,205
45j2p4FEI_o,13930,709,95
45nukMR5A_c,1201,29,6
479RSxJ3Ml4,936484,24220,1475
47BQVWmfi9U,17205,1557,145
49-rTbR5bss,308654,15622,3141
4ABk0y_RA9s,244,6,0
4BqXFRKCzm0,1266,319,20
4CIjiNM_p6M,5532,134,2
4CWM57UvhyY,2305,85,0
4DEqwJI-vdg,48605,3997,795
4EYek0OwN6A,371364,7084,531
4Fge8RG2zYU,1607815,28983,2093
4GFvezk9DtE,71280,2768,209
4IoOQ21A-00,4813,368,68
4JPhkSR2-DI,49075,3090,158
4JyhBkXMymo,269522,5985,285
4OOvPe3jNTU,12364,1011,101
4OSt6WQ2K8A,7453,211,40
4OTAXBjCb10,233,5,1
4OiOwDh5lKE,4968,663,100
4OzEgHVD5PA,2451664,36049,1835
4QJa07djrLY,65541,2613,217
4QMHfDx_LpM,857756,53396,2176
4Qb0n_NHZzE,10288,507,42
4RRAgEb5r7Q,44,5,1
4SOtYIJpO3w,65505,1613,249
4TCZPEO58kw,157214,5254,381
4TcUHcCj6To,495058,10490,75
4V8ShzEyamY,1085,50,0
4VT_EhS1IT4,2094719,57343,2081
4W9lohe4EYM,1714,29,8
4WQ17A_DBWs,5371,134,203
4YxAhOFHLxs,1882623,42173,5741
4ZlCwZj90Jk,4550,243,64
4cCKve0dl3Y,300259,0,436
4crqlin_s-I,266426,21982,1459
4cuRBOi9SGw,27102,1310,82
4gZVxxSeAn0,156126,5785,231
4giM0wycDw8,1388,3,0
4gjvGsxiTw0,184339,3911,941
4j_8rEyYEXw,300834,7475,436
4kXOQ2NOkxY,3028357,51528,5764
4l2eIDF9HZA,1979,164,15
4rnqHPcMQ0s,3550,172,22
4tDgX4VizyU,784212,10022,1931
4uooe-9JKLI,2459494,61376,2342
4vieXVa4f2M,85,7,3
4wY_xiZrl1I,9076,366,62
4y2_UjQ9ZwM,79919,4372,389
4yZRAaXGagI,276665,3063,280
4zzhCbQE5iQ,4923160,94041,4825
5-9kuktuMAY,5678,148,7
5-DQpJj2j9s,176551,5338,795
5-nceCopalU,4310,241,51
50pNiKZZwUM,18995,956,90
51WJrV0aKPs,39033,2580,246
53xojRfttn8,62625,2469,529
543Un3Rjabg,316291,8659,267
56_MEV8ClLg,1205798,12823,1197
57TY0y5zpe0,23395,1090,61
57xXQjC83zA,4869,136,10
58UzixzNCh4,67551,402,19
59ruWusoMsY,138,6,2
5ABdJMdZX_s,221778,7853,533
5AxdLyBlvhw,458822,10057,445
5FDFwEO5ErM,883,26,4
5FZmGUIqDxU,6554,389,20
5JAvzI-ZP14,274872,8630,701
5KQH4Xvco4c,1487,33,24
5Khf5QBf0ss,174,6,1
5Kiy94DYJk0,4452,0,54
5LW1VDVgr6k,97152,6219,963
5N6hNyg43IY,416,9,0
5OsH70IAD1A,73647,0,240
5PS7JlDoeAM,28832,1398,222
5PT1wLx87UE,593,43,83
5Puy1Px2YYc,15032,848,96
5QZTR7ZdeRQ,1187,62,6
5VUN3h-yq6M,221405,11457,505
5VXiVRQIFLs,324,41,24
5XCy01h0N3w,89953,34,6
5bnWQLbGuKc,49540,2495,105
5coE3hlNJ3I,784,41,17
5d7EYahP4Bg,266265,6622,451
5dOG_pW1mk8,3656,138,51
5eoPZMtIUBw,1922799,29113,1095
5gwTgaGCyYE,324727,8735,1170
5hSZGKc3VvQ,607105,16039,795
5l0FJ_t4NQo,703213,15834,1187
5mlZPHOKh60,12593,827,80
5oZQfIs_-8s,6787,101,18
5rRwJuCdNDo,405384,14004,1132
5sa6BmSG-IU,447,20,18
5seK3IKQZDw,404,17,3
5ux5BrTZwXM,484195,19075,812
5v6ZZNrPOP8,389954,19289,703
5wuUNfOBBjc,289677,5416,567
5xVeZrpVzow,38195,412,120
5xiTu6aUkQE,530923,15663,978
5xjSpw04q8k,1963000,32257,1268
6-el4iKqCKc,191524,10254,518
60RF_6NQQu8,20821,1243,196
61AVQo4qIYg,1184,16,7
61QLtwDaN-w,39269,1829,127
62WGyHcb8So,13507,689,76
62b4tS4lR3o,7169,0,101
675kMpNG0L8,11310,872,79
67n-hrCYiSI,155188719,2621954,143327
695yhXQFVf8,2895,213,98
69CZQlrfkkU,56218,2035,145
6B6zQ8edsa0,29886,668,11
6BXzmImCMuc,4067,309,78
6BZm8EvZXpQ,206602,7993,774
6BzWXEy4t14,9247,242,27
6DFsY_QS7Ag,933,9,0
6GKM8qPcZsE,1186,33,6
6HW45MJBOro,303987,5340,420
6IWRv_AhplM,15412,1243,109
6JOcVimlemk,15016,793,2
6Jwm242qZzg,14002,145,30
6Ko-j7nzMHg,150822,4622,257
6M0SbOzZ36Q,3238,66,16
6MGjjWLbhD0,114,12,4
6Mhtr5yE-kc,57097,3488,279
6PgoxhEjKS0,112924,4187,418
6RpKEGaChbg,1284,82,6
6SqnPdh85fw,20083,512,113
6TiMvS0rE2I,134338,0,328
6TiRTK7dfXw,13154,555,152
6VBPJGD2d7w,61570,1143,431
6VzkSdMg1tM,9921,595,69
6WkACQs0IwQ,144928,5241,859
6XyGH06X2aY,97880,6575,492
6Y1r34RBXpk,66897,2188,91
6ZxnCsOKDww,745,29,8
6fnKelBiaDk,1328541,49784,3575
6ftiWoCJ4dM,852,27,36
6gCEl31uiE8,42034,869,62
6h0dLQXEtTI,178401,4871,460
6hIu5oIB9n0,90318,3029,263
6hKRN1kDQSg,65245,1098,0
6i2tLx8-fDI,84834,5608,285
6iur44FBpC4,82466,3797,197
6jS9lvibXVU,51223,2467,187
6k6bjBniE4Q,29356,1364,89
6kgyyJxRWTU,33664,2309,413
6lZVXJlqN7s,143254,7122,1044
6m57KaHerG0,146330,5411,106
6n2REq_FiWM,43228,1568,151
6ndkOSiGOe4,37182,2045,374
6nt5qPpzI80,37004,1196,58
6oR4wRe5LMk,11509,1008,63
6p6ZYZ4vHE4,42931,1174,156
6qGkTAS3j5o,488,6,1
6sECozSy7FY,3794647,54335,3613
6tHy-Kie0GY,36918,2580,439
6um6YczI0qk,692646,17352,515
6v04kR5QDOA,65836,2492,259
6wA8OMptkio,203163,3907,391
6y1yGm7pA-Q,136161,4149,390
6yuZbctPGUI,157814,4043,551
6zVtKLYT_lw,12112,595,25
71BQ4YNhVxA,204593,8865,432
72FTaFoM3Dk,6986,34,23
736F9UPGb_k,19325,367,47
736HThq9YRM,100123,6198,561
74Fz4onYqGY,183734,4490,410
75DkdpApMOU,309032,10432,413
770rppR5wRM,1006689,9604,1378
77NkGBRuapw,122121,7426,803
77jBJ2oe7e0,44007,2179,174
79p57XNf8Os,2938,134,58
7BE8xhIVNbs,82943,2837,95
7Bd3IWiuVgE,18061,950,68
7DbQ0qmSrIc,108781,766,32
7DkmB-btFfY,280203,6637,467
7E4E7d5T1ac,151028,5463,386
7Ea4f1TT9r4,50961,1508,258
7HmaEa1cRWk,9239,444,197
7LVNsYnJJlU,5642,110,24
7M2gUjv6nfw,12453,0,34
7MPbFfQlXkI,5342,430,53
7NMm60VwNnU,47148,2385,352
7ObTYEQRcBs,634411,16716,1336
7OnrK3EmFa4,38889,1696,286
7RJu-I7FndQ,348268,13056,972
7Sp71mIqyfM,13360,188,36
7Ud67OkzpQs,131598,4486,620
7VN3Ck1ZGEs,4604,362,34
7VOw25Zgo90,64365,2562,177
7WCTTAGYN5Y,290131,6079,469
7WQdBSWfixI,317587,13111,1050
7WsksXmb3CQ,66344,3807,435
7XPHGhEZF2A,1945102,31865,3255
7Y7ZcQgXMSA,360469,3482,67
7YUERW_rvzI,124349,4745,360
7ZK_w2w9obo,208499,11005,764
7_85lOkRh_o,8818,407,112
7_hNGE5sn-g,269655,8868,2203
7agexPKirHQ,356,4,0
7ccgqb2ZeXo,313087,12564,1138
7clXpIYUvnU,36749,2516,213
7h2so0SB0Io,1529990,63706,3389
7i9At3fld3Q,334,21,6
7jDrzdX2Ucc,129909,0,209
7k1TN7RtLKg,192,6,7
7kE0sj0R8mE,1300,87,31
7ltfXT5hdRQ,93699,2281,63
7mvvufB7rlQ,683,32,12
7ngJLi9cgYs,400380,22309,4025
7pD0XOWc5nU,44850,0,177
7rHX9QbO_hg,19214,1263,96
7rJgW_ugOLA,1527710,46260,3292
7rNoNprvS4U,2326,100,14
7sW7wcxPMOs,1310,108,4
7t1CKyKrfSU,26514,867,137
7yEFkxss_i8,2152,106,15
7zNSjbWBo90,486411,10772,642
7zaMbzqj8AI,124107,4214,526
8-xY54feZA8,79210,6943,179
80GF1BTv-4w,37963,478,153
80oICq8QAew,368208,4998,472
81u4_4_-ABg,2224,298,7
82dNxf_pWFE,306,1,0
82iwdUjVZMc,20789,1300,124
82uds4xpilI,616,56,0
84fQk0qUAsQ,184715,4845,134
84zd0pIlcXo,467113,15573,1559
85t-t3hId3Y,55704,1643,452
86ZDNvmGZC8,535214,12969,467
86gs985X5tU,1470,27,0
86hNO929zIk,84487,3021,133
86mRyBcY940,16887,734,160
87If-Q2pJWQ,7995131,99734,6902
87q34iZbUXM,74703,2279,367
8AoRrFwRcZc,277038,9348,1200
8C2I8JCKHho,4069,175,28
8CehF3aO1xQ,180064,4272,283
8DMKzuGsBao,19107,555,34
8G6-h5XFgbM,571710,13713,901
8HG8lmI2Dyg,61148,2121,146
8Ii6m1GGArM,12541,883,50
8KIMFLiprXo,115598,4434,207
8KSP_ZW76QE,249,16,5
8KkXk5XEZgY,61162,1782,179
8M5VTBEQGso,27140,1490,207
8N8jgfmZQOo,3028,86,17
8P9QdIHT3sk,397561,15503,1726
8QhrjzWjbGE,12924,581,57
8Rg0U7RW1ww,205,5,3
8TaYBEmUegs,406045,0,1111
8UQB5t_euOI,1479,54,4
8Uc8HZrTqr0,116932,4588,195
8WOHRXf1sj0,190833,4662,447
8WdK8j3Cndw,16527,760,69
8X5Wu7ECLWU,58864,2539,250
8X9OLVttNPs,102485,3315,244
8XMh30agFpk,43077,2504,301
8X_d-IVydP4,6892,501,54
8Zw4O3ZXdfQ,29976,1609,141
8_A_aV_PjYE,21763,804,212
8_wGkSYK3Yk,212080,6022,426
8a1Hsah_yuA,10254,206,33
8aV0SxSbzvY,176805,11457,520
8baHlJrFQ4w,17835,1212,91
8d12pOYIWo8,11664,712,117
8d8tfV1uBn4,35840,212,0
8f0-OcYW5zA,1679,32,9
8kcD3vk12AY,278885,7512,467
8l4FjqCF7sE,114,8,4
8mPk9KW_5XE,97,27,14
8n0E5tNjhAA,16949,1102,156
8nYDDMN3JlA,14736,635,61
8nuQJvVQR8Y,2405,16,0
8q6kht_0kbM,21303,1719,163
8qCqpy2emLk,1020529,56609,3492
8sXHEs-bfi8,132268,6949,422
8shGtApcXNU,4688,497,61
8tuoEOt5om0,10502,487,40
8w-X-NU-p9U,232910,2311,119
8xdch6aTDAg,39686,1504,86
8zDbtAfmokY,7458503,21547,0
91YtKieEb88,1395482,16609,1048
91yFv-8okGo,1400692,18671,0
92rUJQFLbnI,15572,910,92
93iLbjUbMDs,16974,1587,161
95xSTaZ6d70,142859,8639,1016
96JzEO3MUOY,587621,22738,1061
97mkEBhvnNU,159495,6797,706
98awVWkCHY0,173611,6278,540
9BH-FsQS_Y8,4614,98,29
9BIzz1Fqhgk,70379,3101,417
9D13G0NcaYU,44746,1576,111
9DwB3rQGPlg,1204,79,9
9E0_8KPvOt0,241977,4077,1072
9Ea2tpAf-UU,172206,6721,802
9GckZ7AmgNw,203,5,0
9H891iA0xGk,364872,18951,1180
9IiRJUesFNk,30095,1233,187
9LnHXmnWMZ8,63667,6444,623
9OLxmOmAU_s,179,7,0
9Q5NLLmgCFw,84000,2633,524
9QhDszhPhqM,1292035,23841,2532
9Qlof7jPQpg,17834,729,106
9SXB-fOg9Qg,164,8,3
9U-fgA2FtRU,8628,760,42
9VHlFHJOoF8,25795,1273,111
9XZDbjG2Hf8,358801,4529,5776
9YkoGiSudSY,405473,7420,154
9_7UvrHiy6k,4090292,127609,12272
9_Iu3w6DVyQ,501,42,9
9amj28K0wWk,2958,202,18
9au-Wi7_rS0,22266,393,21
9bW4p2CvkNY,1653887,37217,14901
9cd2ILefikA,267846,8373,539
9dUzCi1YGQ4,118034,3520,473
9eeejXbcOa4,2057,102,106
9fKsaaUZgbs,11502,1421,343
9ge3G_sWFlw,438844,10752,835
9hWiKgR22YQ,163459,5959,546
9iinyVgYTu8,150277,6488,525
9jTY_F3I8OI,94611,4303,514
9k1AEA6xXrk,17735,438,47
9kHEGh0S2E4,41793,1063,94
9llvkQdl54Q,25972,810,35
9mC5dqQohKI,216515,12061,775
9mR4asD1Rw4,66856,776,106
9mad8LAUxS0,312677,13306,628
9nbuNLU2S-U,1133,102,159
9pyrNSKb16Y,5469,192,19
9sAZ50a_l5M,7779,517,68
9sMmTC9x6wc,741689,21494,1295
9t6PWAbylh4,1533,187,43
9t7JItsq3as,53129,1482,43
9uDc4Vg7jTI,71617,1668,112
9zoaiIkFwiI,705,71,88
A-qi6EZGJgM,87028,3421,1299
A-vKhUpNc3A,317059,6176,327
A07-gmV4Mos,35488,3071,211
A08KjPeqgl4,7639,647,111
A0EqeYBE4rM,77106,1795,154
A0qYNooALHk,30302,1197,181
A1tEA4AGJIE,294756,7110,937
A2_vSVmLeQs,15286,697,56
A2bdBzrRHfs,28033,1134,110
A54fT5PWTIc,32151,1286,203
A6G0NXmETR4,100574,1293,304
A6jYxNYpT5A,3114,63,13
A7AWtH1mfZs,8083,441,67
A7lGyjnqMog,17871,1115,61
A7oeGayicnc,125,2,0
A9FhpQ1XzeA,337053,5852,611
A9rc7uugB6g,134883,3285,220
A9thBIyoEi8,52840,1856,227
ABUx5euD2vk,82949,45,13
AEp-JC1jHvw,4325,170,69
AI7Us_5-IaQ,79,5,1
AIVU8Rg7Jpo,1838,40,2
AJ1dWqy_rws,78715,2444,453
AJF7cjAgZ9M,32,56,6
AKjlkab1YRo,453,14,23
AMjJd3fnND0,111596,4105,541
ANpbL70-1VI,438532,10022,859
APO0oz-fpsQ,48782,2909,385
APUoIxjKms8,3611313,91110,5920
AQBE65iSM-E,7874,415,34
AQiO26XqrpA,36049,3506,278
AQtTuTZyNiA,778,31,0
ARMdb7fgfQU,101692,5475,611
ATNeSPX-KTk,19892,947,55
ATurpKuYqg4,12167,463,110
AUMItA0qvqw,314,2,0
AUuZXLaqerc,10259,637,58
AUvVSN8YWZs,182015,9030,274
AV8WgtQu6JE,210590,5067,585
AVRltPV1VQE,2364669,37570,2153
AY57GEPf2DQ,127519,3726,1130
AYr7y-JfhN8,545825,17279,1896
A_HLtsg4TVA,4562,265,119
A_qbOO2w6JI,1941,90,0
Abq7F6HGIX8,370657,12854,1755
AdCc2tzn1Gc,528523,19982,1044
Ae9RLvFXChQ,395882,24040,4390
AeQZH56GWiA,15224,491,29
AhVOJm6v5Ig,72380,2869,152
AinyNd4rv2I,946899,15553,414
Aius_BZxmUo,1180,24,7
Al7xFwszHQM,198849,6689,733
Al9Hk6_w2Qo,25260,874,43
AmgEFzgnvP4,21173,694,99
AoCEIX9sHYk,138,6,0
ApTB0sxAEpw,132861,6301,302
AqT2DLoO7Gs,8499,517,43
Av4KKPcv_Ds,142795,3304,931
AwD4OYyEOUA,6538,127,28
AwWl2LwQ2-c,5184,189,23
Awe5mrMvJPI,27886,685,66
AxJ1YGnc1nY,458974,12285,1963
AxlHmeQ35Sk,73130,3979,232
AyZZUJGMrio,2682,13,6
B-MuZV0B91o,18551,1206,170
B-Ux7ehmojs,22504,1563,105
B1QwLFLxido,38175,2854,317
B5gs2MyCiRY,604471,7470,1082
B7Hi2gCYx0g,16166,896,90
B7Rz5IHjXWc,633,3,0
B7SbnMo9r5Q,38470,1861,279
B7bX5AlQu6c,74967,2039,272
B8Ra9V5Novs,39561,2094,107
B8d7D1Idinw,40521,2112,438
B9UfnHQWJZc,3893,292,37
BD2RRl7wPMw,198186,2144,178
BFRmS1RSYYY,66410,2748,90
BFndAL9KPc0,44940,2003,93
BGZiz7NQC_k,47585,2168,109
BHR9ht4QVuM,5826,479,136
BKBIU-YJJc8,229835,6266,622
BKKZBeRVSfw,179304,6673,197
BKi1QTM3Rto,9758,68,7
BMCKKkbhQpc,33535,1194,0
BMzt-EsOLzk,19124,472,43
BNEcbKDIIgg,175823,8641,435
BNdsUvQjNp4,104794,2865,69
BPm6ggIwMzQ,23776,1262,75
BPqB__QLHrk,377559,20261,1201
BQXEUx8DeJ8,8712,1234,75
BROKaSugx-Q,3954,206,40
BS7o7d1V9ig,19232,1070,252
BTkkdlCE-7c,55136,397,29
BUCANbJ9rZs,588360,11737,883
BUFMB5jiFnA,41303,3300,172
BW96eqdLf_I,3138,52,0
BWCUwXAEaPk,7602384,257102,16347
BXfleP_adiQ,68209,3408,309
BY1_aLDHAkw,27427,667,92
BYqGB4NyzDI,7373,748,232
BZ243ndklkE,534,3,0
BZA1TUcHa4k,280771,13496,839
BZNzNVKim6w,455,18,9
B_h7W5zTbnk,224699,4129,214
BaxCa7M2I_s,140737,3437,177
BbfRMeClL5M,2542,224,132
BboemeR1PcA,5145081,91613,6028
BcNZNEZvU84,171238,9034,728
Bfr7zkTXL9A,1310951,45432,6159
BfyuKROBWyE,18631,864,153
BgC1dsQDFRU,67,1,0
BjaKfnWjX9Y,3574,125,33
Bnc7liFjcvc,475921,12647,754
BnxSe7m6CKo,640662,32827,1905
BpTl3Yod3_E,15336,1617,174
BppgvPJZMlA,35634,2395,238
BrsEZY7wU8Q,313039,9094,2132
Bta_XWrA5lA,56086,978,200
BtcnosuTnTQ,52707,1922,168
BulWyYdhpFE,246615,6761,1219
Bv0XZHD98ss,244759,3288,246
BvBMOeOwm0E,37732,1848,103
BvIL0PWj5_A,8107,114,15
By01--dvtXk,895818,17747,815
C-LeFb0JS8k,3280,34,2
C0AChELLyRA,1815064,63202,2087
C1EwhDGdv14,8134145,91105,6735
C1ME3ETxuls,7901,64,26
C1cxvd_OrO4,140537,5185,385
C31hAJIFMdM,397,48,12
C7JiTweF3xY,5086,419,89
C8O7aUkka4o,128610,6958,1330
CBmNk9pSsy4,431500,21632,1342
CDjZrY9CrNI,6817,420,85
CEc6TTW1Cpo,183703,4649,155
CEfyMNrHkMs,16382,946,119
CEgX0pTie7Q,1958,87,0
CGMqEa3Q2ns,15698,1158,91
CHCTHOi4ggk,22947,1288,55
CI12BF_pW34,61925,3209,387
CI8PSPP9vlE,626244,15916,1833
CIvsSPNAzGg,66304,1890,321
CIzI1u5i8B8,131120,11906,844
CKPXaDT-8ps,468829,9764,1002
CMnFoW7jj94,421460,12066,415
CNYDgMMKf58,85150,1475,176
CO1pMhYZZcw,557664,17922,837
CO418oACsEk,400700,22422,1613
CP6ijUixGdk,350198,6802,626
CProayVgLIE,146028,3469,259
CQ0T7YZI2BM,20294,634,40
CQ5YPzimHiw,1010239,11909,4771
CT7K5QgpNtg,463953,9454,443
CUhaitHEAZE,45402,1889,262
CUlbqob5Njg,855,65,15
CVh4qFE8YiQ,13618,845,108
CVx_BaMGkZk,153118,0,189
CXDbQA56OQU,25254,1084,183
C_A_Inyt3BY,1394,57,5
C_CGOd61JFM,1625,11,1
C_N1_nJKL5E,4309,379,12
C__iyWJkjgc,2191663,25411,5635
C_gmkmmtdmk,510,27,7
CdQ1PfaRd7k,38913,1679,92
Cf115y5i_sY,252915,10193,939
Cf3Xnr120c0,1202942,68697,5325
CfCIaFiJPBs,113569,3114,450
CfDQWj3KX20,132960,5716,144
CgPY6UY1Ilg,103581,2795,451
CiDrFWQpDJw,63561,2297,123
CiZ3IaGdT1I,285954,12343,2075
CksMrhlgIc0,549,0,6
Cl6e7AbnpJY,144753,1703,376
CmuOLPCplyY,5374,335,39
CoqKIUMLLCY,1430,109,33
Cq3zZbYD430,66634,2880,363
Ct9V0Tca4go,394565,13443,2863
CuLmlHo7Wrk,1269253,30929,6710
CvGutuE0Klg,34483,1484,137
CxVeCZTZQGQ,131307,5703,498
D31_n-pcFTo,71237,3820,798
D5RIIjDR17s,175598,2583,253
D5fEwumpUj8,25554,608,93
D6Evv3JxZLA,174882,3034,285
D6WGeXeVhU4,81213,635,64
D8xSDEbzAso,191916,6216,327
D97TDV7MoHI,38622,940,44
D9dWntycUtw,787,39,8
DA9_bU3NGbk,132619,2868,257
DBpt9uDRdsY,12481,774,136
DCpP4sxcDXw,55519,3425,732
DEJ_ma-gvsM,336440,13212,289
DERY5U0IUAI,47308,1513,166
DFWtrZTfyAg,2468,173,129
DFX3IvmoO18,17325,347,170
DFbN0VZLWKQ,472633,37087,346
DG-ZLIbE4Xs,4751,329,15
DH1h-2LXSwo,3341,111,19
DHNrVmGb_Us,5190,50,5
DJNNrntBTjQ,582,57,35
DKQHWxeqVCs,489848,13393,352
DLeAso0_RQ0,95455,3204,64
DMbzEAjrQ20,115303,4316,234
DMnthFsRufA,1772,191,31
DNCsUcracsY,9872,49,16
DNn51mMCHf0,28121,1372,479
DPpVYmLSq4E,76863,3449,190
DQt_POpA6iM,75257,5550,454
DQynC2Fjyq4,5362,307,34
DRVaUJy89tQ,27884,1973,101
DRqRuh1qMXw,33088,2807,144
DTFjxRiXnW0,6357040,210086,13558
DT_R3PqXKi8,221129,16458,1141
DTcQGJh0vSQ,27160,1101,193
DVUqMQBcmn8,100196,2232,58
DYrwSmgq9Xc,7690265,237263,20988
DdEar3F-bQ4,40486,1393,81
Ddc0AqAnPP0,2179,221,34
DhM-lafHvTs,172565,6124,195
DhpouIFVLIU,48,8,2
DiYTTHUchMc,1891,71,39
Dj4S9eV01-k,104770,3727,292
DjUfn_34WjY,129008,6170,1491
Dl8-_rRDfgE,3679285,161161,3818
DlgVulo8lAA,1262,95,103
DliuTxsLJ1g,383,23,21
Dn014zuYJ8E,46734585,706961,250337
DnBuhSqEjkA,80163,4489,275
DqUzX-Fp_ew,40738,503,0
DrGY4BXhxGc,776,21,6
DsPDOxATXDI,114457,4461,523
Dubn_dfCbFs,11221,570,36
DvHDwXBVXoc,129356,1014,19
DwqWeMOkaPU,355,8,1
Dxcj73yBJus,147,15,10
DyLgj2-1T9I,36452,1079,169
E-GA_47pT-k,2624204,51368,8043
E0_OqkMMWaU,7228,338,89
E1b2T_ar1tU,1171,64,36
E2HZCJ013W8,1455560,42300,4141
E2ytEt7JoMM,18820,767,299
E35_9w4SyWk,26962,2039,365
E6iIgJEMXec,364279,5500,960
E86GwVOHbwY,29243,1229,125
E97HKLhVmgc,506600,16098,1665
E9DVdojR_DM,1164,44,3
E9sRk8dmC1c,107363,3340,186
ECPGO9m7ALc,603333,9094,1218
ED9vNES6L9o,22577,799,115
EF5hPPSj5ik,112231,5739,559
EI5eZb5zYXc,1034,42,10
EIFjXZ4E9Yk,27426,1685,84
EJJZLKmWH6A,364100,3511,285
EJglTPNC0h0,36431,2603,113
EKNuv99XeCA,3727,113,9
ELSrAK_pzC4,46485,3442,278
EMRHwltCQv4,89362,3615,155
EN_T70la6sM,86547,2913,219
EOIeZAeA3b0,618,20,14
EQEGUVwxaiI,65838,4927,617
EQEVdaDUkJs,165905,8170,339
ER6HL3A5c8M,533409,11663,428
ETQScTYYQRU,919,58,21
EUFTHTVyrEk,7972,106,0
EUkFRzflw20,15468,1015,154
EUnaQzzjaas,3874,58,5
EUscV0NKT5A,578463,10782,1500
EVaPduUL7lQ,953616,35100,1656
EW_xym12SoY,408285,16012,2044
EesEuIeDRQg,706,43,14
EhM_vQTe6dg,143,15,14
EhUq2lQGSLE,421064,16985,1707
EhjwtOwsfCQ,18363,887,139
EjIfBv8ZNts,4716,433,109
EmPlp6ddNeU,3332,154,51
Eo4HBgsItcU,690473,13009,1125
Es_qxnq5jzg,12423,475,11
EuhLiw_SwH8,424,22,2
Ev5dUwAQz7M,240,25,13
Ew2DhMIdzF4,48557,917,31
Ezn90OendIo,942351,37727,2059
F3Pq-ggrIR0,47323,3102,88
F4A56Fm9eLY,57599,2849,200
F59W77FEm8c,854875,20521,1288
F5yCChwGHzM,7841,535,112
F6it4K33C-o,504887,10344,402
F7SqfqPGhJo,5098,680,62
F8BtVioDCn0,9754,444,14
F9z7b9ei2Lg,23557,1096,163
FA8H_7DPkb0,13886,121,73
FAHL0cT3GjQ,121554,4337,310
FBWBu3LOz4k,269011,1095,19
FCoXHJNIUgs,5575,458,46
FEIgBk9fJCM,12298,1001,321
FG2VZEE1E0Y,19660,1791,87
FHWph0x6D2o,23539,885,94
FHYyiWVyAyY,93449,4392,124
FIRyxLCCAyY,33572,2804,527
FIedy25-DVk,548,43,3
FKH-4n-D9jc,343175,11953,1815
FKeHVxJdXVg,3649,339,32
FLsTtX7FMJA,230618,5456,272
FO4wZcWiU_U,120916,5542,159
FO6mvnRPbZk,15631,1018,308
FOKY8uJWV0k,146862,3995,863
FPexojR1LxE,8344,217,41
FQXl6SFVZs8,214439,8904,1092
FQnw5RHh9hc,7455221,448414,6994
FTzPBlMisIE,1794,130,22
FU4J1_zqMbg,6505,239,30
FUMnwUjs0BI,972362,6051,926
FUNVx1HqOKY,8831,297,60
FUa0_ozJK-A,142666,6913,228
FVKi_uedJxw,208560,6615,1331
FVOD3A_qpsY,57555,3047,342
FVsmr-tGyUg,160424,5622,351
FXnVfuiMQjg,1173486,22681,6333
FY-rO9GTPi4,10767,431,83
F_Qdk9bD-a4,143158,5266,533
FddaSoPes6Y,1589,127,29
FgHt-nEd_e0,156229,3744,341
FhXZJuHUmfI,255662,6799,568
Fi8gTif6kpE,70278,0,182
FkBRtBZhNyc,57772,2564,286
Fl-SivJGwiU,151772,5998,403
FlEz4gs_LUA,470483,2850,158
FlrYASSTeqc,1712033,28245,948
FmdpQzURvDQ,309468,6121,929
Foa5W5bVUEQ,48937,2506,218
FpJn8Eh79nA,1734586,54993,1040
Fpv06UACKNE,13182,1251,113
FqxdJ7XPB7U,79789,2831,313
Fr9KGPq93Fw,933,37,0
FsFKueX-BL0,188020,7095,1261
FsqvYpRBfTs,1017,129,13
FsrMdi3MHsI,922489,28075,1083
FtnL6VIy8RE,257,28,19
FuMEd6KFmXM,2890,166,0
Fvs5JlRVEGE,245969,7825,747
Fw1lY4IxWXk,687419,21444,2727
FwtwO6lf2aA,1482423,34468,1130
Fxu8UGdmfPU,448,23,29
Fy3zV2K61jc,262,10,14
FyUl4XfJw1c,6086,40,7
Fz2zGVxNoXU,10212,390,0
G--ZscjJsG8,25113,915,99
G19tOR4S2fM,154002,3286,473
G2WlfS4ixYU,123645,3688,192
G44IUjZ1vOw,18729,804,42
G8-Jhb9UhWw,205,2,0
G8S_YpuBF50,2093704,15253,2058
G8gvUb0arjw,6762,317,17
G9qjR2WzaEk,9860,282,32
G9wo06s2yec,37491,1507,124
GA0gK6rmqFQ,54914,3260,277
GAsowcnp9Es,27515,1137,187
GCrIWEB4bcc,144520,0,272
GDdvwefLXWY,1838930,44168,3175
GH4gd0X9K_E,60739,2934,342
GHOWbGqY2r4,4328138,59704,1023
GIkKsDuI1_8,310016,8698,262
GJNDPuy7ER8,343716,8528,1474
GKA13z1IHUg,8147,429,216
GLmdX92Z-GE,200423,8193,751
GNlbItng_RE,42376,357,37
GOnj-RTJAho,48110,1561,98
GOnvVafj31k,1888,15,3
GR8etyMA6-Q,538067,46514,19052
GUVtG2QcaaE,8193,204,16
GWBn5OfB67I,138437,1694,310
GWPh58nY6gY,23064,1780,282
GXbJydy1YtI,65845,2814,589
GYEAvNO1afo,686762,18648,3114
GZT76v0h46A,161053,3388,159
G_4kOyEUek8,4153172,86142,4641
G_WEK9DAR9I,1868,144,37
GaSwt6Ki0hk,2077,124,33
Gab8UnpIFbQ,130761,2282,209
GbSSf9Xa1LY,17225,1464,561
GjVBD9OYzOo,51282,276,90
Gj_HrXrNUYc,6095,398,79
Gl2RpA1xS6M,46702,1878,146
GomBtOAWVYI,124285,7559,385
Gq9__fPooBE,2522,194,49
GqyT13H6sws,51568,2310,326
Grr_LaehRrk,135187,3790,346
Gt1c-o8FTRQ,17470,634,122
GtBth3A_C9A,89308,346,0
GtIhrBmBgCA,27489,989,228
Gv0s9AJHG0M,817065,19354,1573
Gv4rx62PbGA,84253,3620,329
GxoyDxpU5ag,1907300,6976,3289
Gy-8lssJcYU,601362,12681,983
Gz4_jacXBGU,358593,8159,665
H-xGGNYjv4U,57619,2349,155
H0Akfss7X6U,2583,279,108
H4tGheX1GWE,7502,264,36
H6eCCABz598,36812,1677,216
H8FCZSOqzds,151702,3329,619
H8qLpIt_Bqs,18490,754,121
H8yvD6Rgz44,1025840,19118,1755
H9DCKJwUnWA,193,15,7
H9V51GUVLOA,152733,7265,1353
H9yhYBQYqh8,22310,1442,147
HBqFfthfJCU,2284,115,20
HByXqP7uy00,41748,1504,72
HDTNDL_X1b0,285239,6139,214
HDb52NrpSyE,576246,23683,3387
HHOAg9XyA70,847,0,3
HKAqIj-Z9ts,265275,6233,299
HL1UJYugSA8,206832,6946,940
HLcnwnJMgd8,620400,15379,2290
HMmOsV85AHI,68664,2287,118
HOCAYxtfSks,80,4,1
HOk3y5y__TQ,9207,797,60
HP3QdU8mdjQ,17135,883,162
HPaoUUrF9ac,399174,10556,1196
HRYPYeqMuoU,585386,27313,1326
HRk0Uv3-FwE,3593,272,128
HSmjMK4Eisc,187553,11941,2099
HSrvch0vdyo,112200,3453,259
HUaC1mVw7oA,82777,1867,299
HUk622Y1qX8,345987,9567,900
HVruVUdSbUc,173174,8809,324
HWDjWJ5rptg,31927,1499,299
HWI6Oa5JPW8,7746,832,72
HYwBHEIfj_U,3909,331,56
H_w4DjRC5N8,2721937,33508,2578
Hb6ZBFuM3fU,79107,2125,97
HbJirZgxrSY,35764,2372,383
Hbms3mmZWL4,158824,9528,683
HcRh8IrwbCA,12593,793,114
Hdwd_-K413I,247768,9152,740
Hei29jvUYwg,1005,39,10
HesIMapqtMI,36324,1259,275
HfJjo_Y9miA,1578,27,25
HgdweO7nt3c,848427,6881,2174
HgfUAVbjo80,760303,30981,3386
HhJ-j_Y2-fo,207,21,11
HhzVar8JGss,20538,547,188
HjElH_pDbU8,2299,139,50
HkRKi7_Iywc,1831908,38491,7401
HoPSiXZpoF4,105430,2239,76
HpUD_FjHI8I,163,10,18
HqVjELf6zic,13164,1044,418
HshFxjKWDNI,8220,536,88
Hun0Wzr6f1w,9360,0,38
HuwWfuiI30I,190815,4682,2070
HzwU-KGwDVI,33504,2759,223
I-7MaQTYhV8,52482,4238,603
I-vJ_fSA9Wg,7863,97,27
I-z3hDWHZoU,10197,938,173
I10c2BUazL4,222198,1478,151
I37aQmrLwiQ,2482,202,36
I3V15kgcgNM,226038,8243,301
I3jdiRTbiRI,157643,3354,411
I5SKFXqR9r8,544,33,35
I6Fi22hxITM,44628,540,140
I6qSF2tKdkI,330,4,1
I71Fpu_mmcg,72300,2822,589
I8McPt1ux9U,4136,66,15
I8q2eutBoXk,5323423,117083,10597
I9rjquLzqPc,944,40,23
IBGkP44cx20,31056,472,207
IBP6HcK94fM,1791130,20870,2774
IC2IoO8PHEw,20937,1709,482
IGROEaoT7zY,154,14,24
IHBnqCQBzLM,325175,5228,428
IIxlljazVf8,230171,3360,182
IMM_kPrs1KY,452961,8658,670
IN2S_grP2ZE,957019,21728,2084
INYxG2V6mvc,24943,1720,105
ISmQJQJxxPs,545424,15884,3072
IT9r-ovHmDM,24789,1066,365
IVHzY-UlG9s,3188,310,29
IWWAlsokfSk,47931,577,0
IXoVDl1oTs8,34961,1718,82
IZA1t7vmai4,47754,3282,204
I_u2rLvuJCA,9881,524,232
IaEj2mNTg3o,533,25,1
IaOE08wtI2o,86618,5073,319
Ib2Y0kt_6Ok,609,44,20
IdUZHc7nqnE,4191,48,3
Idmu78v5TeE,69630,0,218
IgFfcJclJo0,126119,3346,516
Ih2toFSTLVU,290444,7308,122
IhQx_G2Dv6E,2593,172,52
IhnioRvjlAU,9143,49,13
IiCfEzRvUIQ,5785007,58901,5587
IindYQBGmRQ,12625,1158,167
Ij7d7wZ5qqc,1893406,43955,2104
IjNAG5DnMC4,237536,7525,619
IkSQHSccOrw,424647,5729,1142
IkeDmcu8-2o,2857,215,59
Ikm4UITCSKA,217853,3747,345
IkusGn6DhGo,1722,126,21
IlQCHjxHUkU,4575,348,54
ImeZpAX1RIA,4993,536,65
InHXOZbufdw,13946,392,93
InP5_mgUUfE,78348,3581,365
IoFKtGYM6I0,16611,360,22
IouFUBMbSXY,23504,1176,140
Iq05kW-YS08,415092,8035,357
IqA_Ae_fso0,914,58,4
IsMNvUsDPys,167545,1648,394
IsVlRj4visc,9046,535,64
IsgC81D2O8w,521117,10885,1518
ItLm-3J2bX8,1785,32,15
IuOpZs9lo6I,354691,9565,269
IuRDt2Wvo5o,987699,26360,2429
IvUmOeCunQg,7400,0,76
Ivn4-GzrETM,7839253,116869,6018
IxC-ZnacBiM,2424,136,9
IxD2NbXzgpQ,14949100,207808,23069
IxGdNHDMFPI,1864,51,3
IxIpNoCiEbY,254404,7554,1301
Iyan0HkgZaY,96423,3497,204
Iyu62s08e6Y,10183,699,35
IyxERiRuRBw,74572,6257,743
IzAW6O5YWBU,12561,640,79
J-E4D9E4xsI,318874,9598,895
J1Xs-HKmZUw,1254,63,2
J3mX_a2tmMc,10075,660,115
J4H-0ue4gXk,561,46,47
J4dz7tiXNEc,58837,2677,93
J596xmeIL5w,188722,9177,344
J5LWi9sqvQk,228271,6754,883
J5l5os0-v5A,22257,1354,122
J7IGbrXZEZI,1169,55,51
J8kRfQADR88,2521,162,17
J9gH_ZLFHyU,13347,674,50
JBMQsxcS0Xk,308,22,0
JBd0W-6YxCU,47671,2281,207
JDUVOzWAWWs,26112,1181,62
JDkoMGF8aEY,16388,965,54
JDr06DtaHK4,888,36,8
JEZPL3YERBY,39157,1773,221
JF5osFr94jM,29289,1027,40
JFzRQ3TqhPs,7816,472,92
JKBWGVoPbRY,11436,679,160
JM14c0yL29I,2836136,57061,1197
JM9Pbukw9jE,286974,7395,503
JNUQ72ZHlZs,4186,133,5
JOrfwgK3oXI,73525,3845,99
JP12qxJQKDk,264195,15552,704
JPgbpfpa63M,2864,158,20
JQ-eZkZC5nA,7735,610,53
JQCSr8R18a0,4921,77,8
JQpjfWV_p6E,1637140,30303,0
JR0jhnzM5VU,48153,1830,88
JRzVGCUDuC0,8763,193,33
JT5AVuqTeaE,98944,3598,413
JVIVZgJ5aec,10092,378,29
JWeJCE3dgxQ,5031,376,55
JXxBmfyw6Xc,78247,2881,205
JZIEfgYvQio,2614874,34566,1558
JZnvP1MWBlk,1412,16,20
J_BQmskzXDk,40035,1680,281
J_FyghotcLI,78164,3201,200
Ja2nNDd9fjg,502312,13835,826
Jc2hb8-rcrY,4317,161,25
JeMqRU-1zl4,18192,509,24
JegXLSVwZWU,2194,51,0
JeiuMNOJ1EA,7966,440,52
Jf2tNIE-IHE,52096,2713,398
JgmvviFnhZs,2749,132,24
JjKJhXoh86o,13077275,524036,11761
JkA9tkY1phY,245959,11545,1105
JlrWlTMAqr0,21520,168,31
JnmNuvHMLZQ,13024,1325,82
JnuIUkeTSwI,1697982,55263,8150
JpOnvii2_1s,499367,11084,431
JpbO1V9XuVg,3378,480,44
Jppwo7-7hLs,126074,5995,693
JsbGDdik8ao,127082,3341,313
Jsm7oZ-8lVk,875680,8707,1559
Jsz4MSGM-08,1460,114,168
Ju7cC_MNs9U,76181,3569,212
Jw72XdBwhjQ,271875,13456,1376
JwIeegXNZ9c,112952,5426,699
Jx1j8K95tdc,22102,2515,131
JyespbKFTZE,25445,1324,151
JyuDpnjCK_U,49336,0,145
K-W7_RY8d4M,11738,231,18
K-mSi0GNWN8,617,38,9
K-o1LlCF-Hc,107104,3748,893
K-rtaegZYkE,180222,4460,136
K05mhgf0Lj4,174769,3714,476
K0FmdB8uGKA,138384,2778,2251
K20VZzncHgY,88432,3798,356
K4BnzGb1FGQ,15706,894,53
K5raaRxqh2Y,358781,7687,463
K6dZW1V3-FU,985386,32484,3295
K9Tfe4x_wro,373065,9034,2478
K9_kfYsDQgw,2074,20,0
K9h7xBf9uzA,3373,96,11
KAWBqgvlhfo,2143,30,13
KAXmWs4Hlis,21457,963,134
KBckeRChNT4,5340005,134059,20530
KD2wKZfqlZU,5953950,40484,494
KED-ZjR0xKQ,36099,1852,128
KG2lonDcGCU,3771,134,93
KG5Ov18N26U,2228,130,9
KIXccECYjyU,44209,2464,171
KIrpiNTl1qo,5268,115,15
KJrmE8BNCuM,280,21,5
KNXOzx6mkUE,35403,1078,68
KOlzFdl35e4,74752,2963,260
KPJ4xdny8MY,9701,110,2
KPOFO1kxckg,28153,1767,92
KPU07Ee_j_Y,1682,180,55
KPbgE2STJiE,298728,7863,217
KRj2QZgUqlU,13322,113,35
KSrS_KmFcmM,243897,5751,283
KTBkJEkTicw,131133,2485,228
KUWHXdT39Rg,356377,9047,277
KUinzmCRI3k,1897,39,7
KWEY2yJfy_E,564076,23098,868
KX3GBw9dV7Y,1935439,22480,1079
KXz0w4xRRsk,57335,2079,354
KYl74ijHMdg,193255,4985,235
K_lE7_c9ekk,4621,433,57
KbAlwXR7ds0,3690076,122962,5485
KdAgjXVe2K4,10534,697,76
KdgZZqE1bi4,163,8,2
KelcDGzQRKg,11421,386,103
KewTOAuam4s,127309,7182,733
Kgr7qGU_sJw,435,7,2
Kk4YL2CZGPI,143,15,8
KlL-XtnS_ps,74026,4019,648
KlPl_euwcGE,8522,203,38
KmWoT5FmtTk,341,41,63
KmaO8Z99BJU,2214,88,22
KqItPSo7R58,21369,1328,115
KrbZE3SL1vU,18893,406,103
Ku6HUcfN-Pg,23302,1730,177
KuSZGmAz7zc,26123,1268,112
KwD4e3ziCb4,725422,17885,1318
KwTtV2ZJZ7U,539921,13993,392
KxqcT1LUJhQ,358983,13069,411
KxyoiLVn_YU,13983,858,201
Kys4CbieqpU,4580,189,32
KzG17U1mbMc,240513,3126,245
L-OWMMdBkHk,17307,1786,306
L2hgTGxK0bY,6703,715,146
L5Bds-NmmAo,7023,136,34
L79qy1_s3Ak,5080036,115366,9922
L9tIAMCe2dc,410085,12829,1291
LA8U3Lqr3b0,19590,626,54
LAPppv-V3GQ,50842,1981,167
LAfchScmbVY,131,8,0
LB20skQI1_k,384817,13717,1101
LCPdReRvd00,4262,165,74
LCpmr8NTkzQ,66268,332,34
LEF7IUO1crU,940,8,0
LFBH89t7niY,132260,5372,581
LFkSktRSJpM,14411,804,163
LGshLAntW0w,195106,6835,320
LJSuaQOQKQg,1306381,26913,1066
LJc-GGNCJdk,768546,28392,1688
LL2jq8Ra3Cw,61587,425,15
LLWlON3rO84,82960,4200,131
LNin1zdtACc,37702,398,25
LNtFTq32huA,15513,0,124
LP7b--mUOtQ,25060,288,58
LQRA4LI1dpw,17275,1301,104
LQyVs-4CuRk,16758,668,60
LRt24SRWmrs,189,4,0
LSgMkVgWnU4,2960,140,0
LTonXvxR7wg,18407,300,24
LU3dP_VdymQ,6512,527,66
LV2RZPV3aR8,17419,1404,201
LVFIaiY5x9w,71163,2718,169
LVVI4KvH_Gw,24991,1075,303
LVaz4TG41r8,140432,4286,351
LVn5vDKe9qU,100226,4254,833
LVxfqOe3MFE,190612,4598,1434
L_h9HRJ79-E,67706,3328,396
LcnFV2eJmKg,200532,4102,242
LcsTba_KQXM,43053,1771,194
LczC9rkrNkM,309323,2552,81
LdqzS4LW4aI,9023,34,12
LfPx5Ygzr9A,30602,1899,184
LhMPiLdQBZ4,252756,12149,451
LhNm4ygDueQ,197,17,4
LhzdL5Jz3FI,18180,946,51
LjvMqtRI-kk,3867,335,66
Lm3Z-ZnXsws,93982,2337,264
LmBtqFkvIn0,5287859,73903,0
LoDHH_O0fDg,389,21,4
Lot6VTTgzGw,8647,571,80
LpM_EtEfmH0,22592,847,90
Lqznip8oO9M,20069,928,127
LsCHNOZ3htY,89,10,5
LsFTrq6vAus,1466728,34563,2370
LtFyO_0vP4c,3898,262,174
LtXiRN0P2VY,14668,371,60
LtrL-cCzoNo,44481,2198,423
Lu1jm-WqD_s,5522373,45451,1692
LuEFNUUXA88,6561,231,52
LvtB_HOBtXU,244854,6097,284
LyiAFZFC0NI,951,82,58
M-M0m6XDSvc,20521,1723,70
M071g-kdsrs,3489,137,27
M0kuef7982M,74117,4821,210
M0lKXfyJh-I,5058704,160106,9101
M1_FZDANQWI,33,1,0
M2Cf7-JpIUo,13886,140,2
M6PeY_lZJk0,62049,1705,170
M7clFz4fyeg,67256,2921,177
M7nAZgyp9I0,2826,177,36
M8MG_3YB3b8,5299,548,198
M8vrgQNSrb4,1958,85,41
M8xFkYOQ8Wc,761086,18866,1170
M9C3dF4FjpQ,470,52,63
M9tx5tggT-k,3056,244,74
M9xJylCV7-o,15843,822,104
MA6uOxouxnQ,261155,11258,372
MBtWxCM7NYg,267914,11842,944
ME0ICNval34,56203,2866,231
MEDamnVjgXI,5831,263,36
MEh5Nuqwmok,4503,405,47
MF3Xjml0UPI,85830,2498,275
MGSnNfM2Suw,283237,13863,180
MIiVqUYh_eo,1385,56,16
MIk8-D1MQOI,3279,126,22
MJRZQ3gGmM4,35145,2831,133
MKBogPOM3Ao,52195,1161,87
MKM8re4gqKw,1902,148,7
MKgOWgUwTrU,42714,513,21
MLQ2ZT_v7WI,7447,610,143
MMOR5h6gS8s,2024,141,33
MNseAL_z6W8,6316,563,90
MQUbxkPd_dg,2098,216,62
MRP6KKzJ7Cw,2624,150,17
MRQ7_4CsCBk,56644,1471,94
MT5RB0pm6Yo,111,9,5
MU061QXgKGk,658,21,2
MVnktQ5YmlY,113935,4409,716
MXK1zjOEAP8,25571,1012,104
MYOdeJM1KDs,36726,1173,211
MYYXYv1CeXc,245314,5750,613
MYiU3RxXWKE,18186,1158,341
MYxDGf35jck,14140,969,188
MZrAxGNnjSk,174910,11385,1203
M_LqzLGt9h4,338807,11149,567
M_VlwYFRQJk,91138,3718,210
M_XUw3tno9U,73489,2843,120
M_zxfX-BJK4,9056,690,111
MdRI-Yy1jkY,14836,684,87
MdtqytowWeY,61670,1888,60
MdzdP0rHXtA,27163,1605,123
MfHl1wK6StQ,62155,3745,130
MfftS_h6sNQ,136,23,12
Mg58cqXP4q4,21510,1136,38
Mh9ihmJl2cw,2655,192,0
MhC8j6zwpLg,29895,1696,159
MhX6041_O9Y,3977,96,3
MitgWktj-BY,5919,318,23
MjL05yopUzw,7194,314,55
MlGE038jc4k,142839,1944,464
Mm2I5N5xfes,2306,57,26
MoWue2YAvJE,469153,30308,4681
MovIpxxyOlo,5532347,83043,6984
Mqg3qC6Ly3k,35533,3030,318
MrEgR1mpbLY,52308,2766,567
MraeBd8ft78,59703,2328,200
MtDCFSc2leg,948872,0,225
MttG7NB1ilk,679698,29140,1454
MvEJCA9q2bk,1630,160,8
Mvjmt7bfpjM,154566,4983,314
Mxw5bLTK5pk,1510149,56471,4309
N-cRDwAUgFE,84105,7827,660
N0nI2EpovhQ,8861415,233885,8046
N30eSJCl5Cs,7165,623,82
N3Cit-AE43o,93635,5776,621
N7Are3AU9oQ,38249,2378,186
N7UQv3UImGA,24027,1572,278
N7ZUJU_8vU4,397100,0,279
N7x3UtdMxE4,5806407,110138,2728
N8_aOGyiFzg,136286,4035,1623
N8cAs9bt1Yo,5145,389,26
N9TpNi2-T3E,331142,10290,884
N9ZT_Ot_1ao,665581,27359,2154
N9jNHnPi9is,39909,1356,42
N9uOmaqVGI0,45622,2901,135
NAvDcsxVazo,10443,295,53
NBRsHSvnax4,1242746,39193,1425
NBVO7zfPBgA,33512,2088,426
NBndpEzd9CI,2340,120,20
NBsOGUsBONc,93690,2431,449
NDW-jpl6MZM,511090,14508,740
NDjX8DFVM7w,93272,3091,141
NEDLWRSapp0,15019,628,37
NFgiuRVkg_o,246733,9494,744
NHb76DHiiQk,253651,8185,325
NIS_Pckfru0,921777,39462,2351
NJhJ_9bQZKE,435810,13481,486
NL-amMbK2xE,29505,1288,104
NMqCIrGbmug,480097,15942,2182
NMuU2Tv-Oi4,92875,0,308
NNDYf-F_18U,681557,8113,626
NRVvumC3hY8,267328,17472,1540
NSn6mvohH_M,2401698,42742,6015
NSzUsGDUYNc,9589,511,130
NTAnGrxuP0g,66044,2314,61
NTFjW6PhAC4,25989,420,194
NTh5laTZJu0,202082,3082,1240
NV1BgbU9K4I,2188,137,83
NVdLtdpZisc,59113,3682,477
NVwZy5FssBY,6030,385,25
NW55-t1Nwoc,212406,10341,416
NaKV6fgXuIE,77975,4595,259
NavnqPt9zHc,8987,51,27
NbND1Zfw6TY,5052,146,36
NbVwOIM46mQ,13243,979,142
Nd7SFkREd8k,43275,1890,61
NdLjKxqzDbA,2604,137,14
NdPb1csdnuM,8056,44,16
NdXV5fzQfB8,462071,17853,2973
Ndo79ZpSvrM,29775,2023,654
NgIPg2kZ-N0,24809,1747,67
Nh0Q0lJD7Mg,237,17,4
NhaCqgsuhLY,27919,1391,299
Nhem7qTgNN4,243,48,53
NiKnEUWhdko,10476,304,49
Nif8Lq8sRj0,109677,4650,247
Nk9xdyryua8,8823,208,34
Nlg28wGd0WE,274820,5944,359
NmdAkqchJKU,51729,1675,173
NnaW8-F3VwM,363102,5962,1110
No5ohGvALOs,119218,3093,514
NoJDvBLnw0U,1982,109,29
NpVco5TTFKE,81628,2680,329
NqVSBi-UkY4,1787,179,24
NqgrTt_pjyE,101749,2615,177
NszjlDWCpc0,102,8,7
O-hNKnpjzZ8,356,19,3
O0cIJww_amw,153,0,6
O16JP0YRKv4,6180384,64777,9689
O2ply5FZOfE,1273,55,7
O4W9GKQlX7c,909,5,0
O4pFJpy_8Sk,160316,4387,225
O51QHb7QnRc,614283,14229,1298
O5HEPxzKCZI,1519788,86899,10861
O5VbXW2YLIc,234666,9046,498
O6efGAJXasw,9583,468,38
O6qgWxGfnfc,317741,7598,325
O8MjgV7fPXY,178377,7499,685
O9X91TACsyA,600465,10811,651
OA5QfHZOIMA,14145,725,145
OB_ee9rPkGA,2458,48,5
ODpvcLgLj9k,126833,2085,312
OEsSteLwIyk,217,7,0
OFavhgXQRfk,113776,6550,723
OGYASOBiU_E,12541520,422366,115113
OGdIZ6H3EZ0,74014,1875,108
OGsuQMEV5OY,206847,8427,999
OHYPm4ya1Nw,440,10,1
OI-bTQKAOEw,4530,267,109
OKejnARrorc,292440,7394,184
OLLY9AWzmPw,49,0,0
OMevsvpItww,14178,381,20
ONXdV2cDHuU,13071,629,0
OOne93VSuCA,297,32,10
OPVd1xyXifA,18781,514,43
OPhlVS1igFI,317452,8571,752
OQBIl8dDGs8,3141,244,19
OQdkKvEnVfg,3651,117,14
OSBd03yJyhQ,425061,22219,1385
OSKMaEviHDY,24496,1189,73
OSQmdijypXk,244574,5039,220
OS_zteUZdwU,7770,185,32
OSanouo7f7I,40921,1073,197
OSjycVhJRBs,291862,17197,916
OUCbGaYIWfg,7756,494,105
OVISEDOiSmY,2009,197,30
OWmdWZsi8Kc,5266,779,119
OZ7FYacpq7w,5043,504,45
OZScLVaTZdQ,56815,3287,469
O_6cK6NVsqA,43850,1510,197
O_r7JSZ4reU,23978,1416,148
OaFdmeDbB08,49956,2697,136
ObTenfSiLuE,5502,203,15
OdtTaM1feHE,32729,1310,182
OfSMIWxaG4w,27341,2822,174
OfuTFJuM-yY,752301,29978,1956
OhGDv8MDDUQ,27134,1563,146
OjYe-8YwBes,36121,2292,192
OkES3VPT7So,84875,3978,934
OkKvftgm-jY,239,7,25
Omu6RFJ_7yE,93793,5328,561
Oo-BAkHGqx4,21109,1120,82
OoEmV3-yF0w,1017449,29886,3300
OoI1-99YVG8,4374,209,0
Ormouw6yOCc,153324,6101,230
OtCORnXCjxY,5259,190,227
OtZqj0iKHsM,731,31,9
OtuA-_BiItQ,1105319,19392,4252
Ou2zaMWAHfk,1889,87,22
OusxeFragJU,30,1,1
OwtlyzaZvnI,152496,3797,455
OzNbCfQoj6U,685,17,2
OzQhTL5rEOI,10147,682,104
P-9zC883vFE,195,2,0
P-I4Bay5SXo,7861219,109835,12007
P0XVeUTSHWw,5518,396,59
P2bdfCm-FmM,94665,5048,363
P314z2YufoI,1465,42,30
P3fzx5GAXF0,889,49,17
P5A9qJfvj7w,217,6,0
P6yTSOL8aLA,46697,1684,66
P70Ukiqo7B0,24856,963,164
P8L9mmLiESA,23683,1048,170
P8bCngwMWRw,333706,10248,503
P9CZ7xCl4oQ,621,17,6
P9Gox0bnrR4,1808278,59167,5537
P9wpqcIWreA,17612,1485,153
PAyjxF2ZXaY,719094,18295,1078
PBYRzMuGXpA,3705945,111313,8128
PBmhm4BKQV4,9039,540,67
PDh5AU4ciFk,2985,94,18
PEXN1KkEHcE,35612,1738,105
PEYkAVCG5Ms,226239,6061,539
PFjydjyvjC8,153055,4989,96
PHG9_G5mbE4,1880,38,11
PIt3K3wlN_M,4642,228,6
PKTfNRIN8zo,223175,9466,328
PKWN0Nj38HI,284868,5775,509
PLKqex8OQDo,42107,998,135
PLg-uI1I1CI,2499920,47505,2831
PLrJYgv3NM8,15502,284,85
PNC0dJzWO5c,14352,707,161
PNZi-IysoRY,46650,2396,127
POVNYKLqOv8,5151750,78595,19865
PPeHtj9A9uA,2279,68,63
PQrjHAz6vDw,160189,4520,394
PRvLZQfT2yE,14460,346,14
PT1AOfiFcHg,266339,10205,1291
PVEeScXdSVU,6025454,47178,6975
PVM1x0uSTZU,4630,126,16
PVXlBphcyYw,730,11,0
PVzqepG4nsM,112486,3289,278
PWtX4wDu7Uk,97011,3206,82
PYvuh9PoXp4,59,2,0
PZGQP0Sa8g4,21575,1601,240
PZQOKlvmyHU,613682,15253,294
P_1aJaBTcJg,23678,0,92
P_BHc5TDk1Q,1711598,19294,388
P_DaMI2RrLU,85598,1729,192
PaFTqhQ3Vgg,7165,181,38
PbKC3t8ieZA,130102,6388,503
Pcn9MftZGyo,2181,155,22
Pcv_bImJR3s,89630,8079,627
PeE8P3wGY9g,295939,5616,461
PfJtTLewriA,20367,1154,190
Pfs6BKqUnpM,131041,3781,287
PgLicTQr6dQ,6292,444,87
PiHKh6UGumg,10600,106,30
PjIoYOB0Juk,11593,358,70
Pjc2H1wxots,41408,2818,238
PkLk0iUX_bw,16197,710,75
PksNYJrcjQ8,17864,852,9
Pl5BzYCVwIA,405049,11710,1338
PmfG51GjLls,108793,2356,337
Pn2rq2Tn-PI,2719953,145165,9447
PnSEFRLwv7U,35921,278,14
PneE3ko2SSo,37840,1251,169
PoDAa2Bt9bU,178938,7438,416
Ppj1EpdEyYs,130287,1927,59
Ppj5oh-2za8,138775,0,965
PqPCB3X3vPo,14929,856,187
Pr4zrQxkK6g,791356,24316,1634
PsHEE0U-_mA,45915,2566,31
PtRYZoMhY6A,1164137,23936,1247
Puwiw_5qSEA,2217,114,0
PvA4IHQh4wI,144222,4265,112
PviTPnU2ehk,641267,14107,755
Px1ZJASd-8U,46966,1279,140
PxbXOiA7wgE,72466,3250,280
Py0b8cWz4es,27898,1198,116
Py_ZJ5q-MFo,14143,280,26
Pyu19b9uDxM,1730,61,38
Q-UMFEF4icE,1569,51,35
Q0A1uyH0hTE,7107,265,36
Q0eZfmCjLeM,1804,39,3
Q1PpPdkyIUk,9460,736,104
Q27RZL21368,657,37,2
Q2m3ngosX5Q,208955,3256,97
Q4Fp0GIp3rg,10688,0,38
Q5uaUfFgrBE,44179,919,160
Q5xvaryTpXM,868212,25212,1243
Q83ciuGHqGo,104936,2433,52
Q8B47uJeLdU,1306,14,1
QBJxmfAfphE,385,24,41
QCN_ivNr2Qk,727837,29531,9018
QDgZloUGRe4,7458,106,7
QIi0httojvs,28906,252,56
QIlHrWat8S4,194786,4499,293
QJ2juErC6gw,198934,0,685
QJDgbmiflgA,65248,2404,178
QJQ-iZZp2Hw,11195,410,83
QJyGPmMCfHI,14136,627,0
QO7RdQboTVg,3084,68,11
QPho4EUQ_OY,3282,181,11
QRd5Hclfpdk,96094,3554,335
QS7B8e-vq5E,24076,1842,220
QSqIy5TlHBo,31351,1249,90
QTmytXCEFYk,1632,9,8
QUKFYwsVrAM,31786,1243,77
QV-bgDPiiro,487910,8995,1048
QXBdgwRuM0o,272,2,0
QXCGv2x4GM4,145549,3884,623
QXPDs1zcN_Y,177644,7686,726
QXwmNIOT8R8,147422,10465,427
QZFUkmFNLqA,7086,183,136
Q_bSSUFafKE,51686,2888,382
Q_jL180mhH8,40965,2280,122
QaJU15-DIHU,69166,2814,308
QasoAsgImhQ,3733,265,54
QaumqNGe8Oc,47085,1884,181
QccYQmy8xeI,931904,32642,1251
Qdm15J-PYcI,429960,3834,81
QeGa4Kk-S3A,63660,2982,266
QeGqPTs8kvo,698,21,3
QeKYdEWg51k,1897935,46578,3851
QeLr8WOOEfY,81788,3415,526
QeYv9JNSYu8,182,19,7
QeaR2b2l-n8,52414,4027,349
Qeozy6w3Jfk,1139,81,5
QflJ7MusWmU,14094,1061,23
QiVHr19_h4k,12837,472,102
QifgQo4RK_g,140348,3847,345
QjW6a0VXsX0,265,11,5
QkqDpf4NLqY,19497,660,72
QlTSkPtqTRo,30525,545,8
Qm4QPWtB9TA,25697,1731,506
Qn50ttkHGdQ,9450,287,20
QnHMIDrlqbA,1503,35,1
Qo-Gs8w_P80,152888,5611,257
QrN6BpfxsRE,244342,11138,705
QsFi0SkZHsY,18787,1334,165
Qve69G7VHb4,11646,130,12
Qy7t7R58QCY,38448,794,416
R-xbSmJZuKQ,1389,43,4
R1fuPtrok3M,58483,3069,183
R3uIfHZPPm8,3712,211,19
R7KpmpPzCEQ,66387,1287,147
R8-LyHgcl5I,126042,8151,1077
R83eEaGON9A,123571,0,261
R8IaZ0NdLC4,3859,114,41
R90_YemNcGs,1998,14,2
R92RpsgW9n8,605,93,0
R965if9bSGg,2287913,60501,5237
R9VKxCvPTXE,242,13,6
R9_qrjJwZp4,61465,3111,137
R9ya0jtNpGs,122529,1195,120
RBVTAGtvwBo,6347,83,9
RBiLFsg_EbY,9848,503,68
RBlt4rwpyyo,63945,3685,39
RD0jioq8SO4,4909,414,37
RE9-FzyT28Q,109636,7118,784
REAyiXNfwyo,38576,3362,237
REvaHqT3uro,89585,2404,292
RIVsa9bHtbQ,158555,6806,278
RJ72QNP1Nws,3034,324,86
RKjCW_RR8qk,270361,12805,1160
RLwU9SQI2Qo,57688,4329,419
RMk5m8q8rxU,28634,213,17
RNp9dshmsqQ,133774,3637,288
RPHoH_vpKRk,5397,119,37
RSTFMBuUwwU,312234,4817,4332
RUipBSnN2tA,29746,2356,328
RUmFeFqFUWw,120384,8316,777
RWEssVacb00,157476,4479,600
RWS5Ru8QNig,1459977,24392,12451
RXrKUTh81oU,21043,1209,82
RXwlAB4nMJU,489771,17351,1043
RYRP-hsBHik,175086,3575,164
RYmsgBhcFcM,50764,3715,352
RZH9EsQmYu4,1113,57,8
Ra6ztNcUlsY,4466719,37860,5404
RaQcueErQYg,20448,1718,119
RadVvPxGsZk,2623,182,64
RanyrxILSDk,51613,3416,442
Rb-vr5vfo8g,1010,54,16
RbZUbbTEgnA,64064393,1135984,52096
Rbw48sZhAdo,526152,13694,774
RdJ15yO1Vxo,252,3,21
RdV479yOk70,350,26,2
Rg0du2jpPME,307342,5356,854
Rg1ONQOf4L8,1397,72,24
Rh_Od2wkQcc,9728,688,94
Ro8sQ6CGin8,1569,170,29
RoBe35avn8k,1203597,54254,3385
RoKQM1n6gIA,683641,16129,391
RoLBag1rh6A,66798,4414,375
RqwT81VWcfs,689542,4974,1138
RsRT-S90As8,42489,2222,95
RslRT6B49rA,816,0,2
RupvFbi5e2s,69469,2512,311
Ruw_8VF8HPU,27343,899,193
S-5ZBnkdra8,9080654,108116,0
S-TkP2Xew7I,424,32,11
S-xx5NLNEuc,1545,118,4
S1ITUnYLqOQ,143772,7791,373
S3N0vl_wBD0,38763,2429,245
S4bNEgM483k,294916,7186,658
S4dDVYH72MI,104760,4082,419
S6jRwPIKIVM,4862,471,45
S7YFxw0oK6c,439270,14336,2493
S8U0sCHork8,95622,5430,1239
S9q3e8AL_-0,372478,16521,820
SAh_qq8ipBU,701935,11104,451
SBWBp125e4Y,8815,462,23
SDHspt6VI2s,43645,1928,136
SH8YofIJ3zc,30773,630,112
SLB72qmrusk,3183361,136280,7089
SLJriYf-8gY,2044,94,113
SLfMX2eA7Lc,31175,251,30
SLq86U68qO8,8979,449,66
SMXEN03ymko,861,17,7
SMgDD-197xo,26639,1883,33
SMgrOzLfPe8,55928,2391,129
SOAIc9ONdb4,52714,1324,318
SPWdJ9CQWns,321,6,5
SQaCcZjsEKE,373618,21648,1384
SQzmJ7lSvHk,228557,6057,835
SR3MF-ZAvB0,253315,8473,132
SUNE9Kflopg,10524,409,78
SW4AldBdyk8,70720,3406,217
SaMR6tkhh_M,194879,5681,438
SaiDP96j2P8,1312,41,5
SbWJwoz4n_I,16222,1284,86
Sbck87afvGU,121243,8292,446
SbdM8xETci4,10350,93,29
SbxqHAg87Yo,345,7,10
SgpzJ9peq0Q,539291,17153,1220
SgrfCgr4cyU,3274536,44193,4150
Sjv1PS6UufI,1848,154,44
Sm78MYy2Mds,213607,8628,391
SoYGZUnE-Iw,1903,89,91
Sp2TPxvzKx8,318,8,12
SpIeqCNKrMQ,12490,851,78
SqNw_SMrIQA,11556,265,225
SrDm7kh_9wI,294169,15071,889
Ss4sYHi7XZg,222519,8122,755
StxUFN2tlDA,1480,39,15
SuMb7QO8vh8,211,17,10
SuWQAVOUikY,84343,1149,204
Sumub2tRXro,25515,638,0
SutFZNd73qU,10194,282,81
SvGbt99BHEg,2992262,104070,4206
SvVELQ6_7PI,447611,15098,660
SwMzy5qWGFk,128450,4973,376
SwRDqwudsE0,109668,3188,365
SwvKOc1Gy40,2323,118,69
SxvIkh5QiBE,412872,9943,2055
Sy9xBeBhYZw,139436,6413,723
T02xQawRASk,24830,1311,147
T1_A2TNM4L4,14148,190,12
T1jJIhxXq-4,41753,1670,68
T2dRUFTgLCk,4903,479,53
T38-dZmpaC4,6426,391,81
T6IPaGlbbY4,1334,47,19
T6p-4PGf-Cw,80336,3377,1012
T7Czd5VmmUY,9951,483,100
T7O2EwCKjrE,3432,112,26
T7_k2imOvDw,20634,967,146
T9zN_s3m5xM,86265,3090,168
TA11qP7TuBg,3763,254,26
TCOE79IOmLM,1119198,25755,783
TDVAcI-EL5I,273,21,2
TDwgAg-2BaY,134183,5167,260
TENRdTvS8BQ,650563,25424,1001
TFEIZ4drK-k,83407,2883,429
TGZ46HAbePg,1689,7,14
THAzTxjbi8k,182018,4064,331
TIdar1knDhA,5477,394,38
TJ-xXlc171c,7229,303,14
TJB9f95X4cg,171875,3157,452
TJgg8WQefLw,26329,1900,182
TKQqKGOIHFM,400,0,0
TMjmRB6YSOo,12970,593,31
TMsfrbzSayo,15978,284,74
TMxxLYavYMY,104996,3064,47
TN7lweGEmuk,89607,2195,265
TOj-pssurng,223,10,3
TSbFpQUdSAE,143316,6240,507
TSv5dcZ_NRQ,10643,527,209
TVO3aqHMPYk,113973,5234,336
TWCVGDHcXHs,2394,95,12
TWlpLlWaoZY,5665,106,24
TX_Yl6ssM9o,160526,9464,333
T_WmfJ7_bjE,82250,1982,327
Tckjqy0jhG4,2749799,44766,3328
Td1S2Oc__L8,41294,2885,103
TeWekX9VORg,303884,18019,910
TfwV2mSmwYM,460,25,11
ThxG5a02aT0,228103,7058,696
TiCHTyCel1M,244,33,34
TiyxdTPnL9o,9490363,146385,4792
TjWU1wsxPFs,263,7,5
TjpuhXYRE48,10078,955,93
TkWqKiudnJk,21241,241,9
Tl--ubgEmks,2451,106,23
TmgLhC31C1o,4253,136,26
Tn5OfBoGJwE,12469,950,153
TnvBiUw2OUs,64560,5355,396
ToDydz2wCJ0,29853,1931,242
TopDN4gdHuw,14556,322,62
Tt0xcVjqWEU,1780,166,10
Tu6Ke3KabnA,9690,529,122
TvFpDzz-JYY,640,92,18
TvjH_5p7DfE,31783,743,114
TxRwjf8BLmY,25305,567,41
TxuUU_9NbyY,15456,199,101
Ty2GiwdE7jA,73819,2973,170
U-5l1A78ATs,30479,1802,117
U0ZXDKpReR8,3795,63,8
U0zW0mBu_p0,178394,0,438
U5EeBtECq2Q,305,17,5
U5tOuCwgBpw,4071,357,30
U6UkokV76nM,289377,18007,815
U6_5bg5108o,787830,16078,1352
U6lgI1iNHpA,22109,1779,117
U6r8HVMCxx0,2830,152,32
U7z3sa26oS4,635332,11229,2875
U8XwxNBrsCA,348626,7645,627
U8k30_tYExs,1119,74,18
U998QOM02GY,19886,832,46
U99tRHb8qY8,51976,1089,115
UAC0jPgSaqc,57786,1398,193
UB4BgwVJUjs,4963867,130549,10754
UBmkJdJj11Q,4657,398,39
UD65igFlINE,159,20,12
UDixEHBz4XU,158,14,12
UFQNp1v_XQU,635,50,43
UGi1IR4Ot6o,90157,5268,287
UI0Hgxan_LE,370934,7075,450
UIpun2spk5w,120751,3609,262
UJjtKFi3vtI,47426,3640,128
UK4l_8mw9tk,722,36,1
ULuet4N8eoU,269215,4791,975
UM72FFHja04,4973,25,5
UNfq6ITddXI,528167,10434,1108
UROm764SUSE,3223,137,13
UTHUma6LUjA,1575,35,11
UTLSHq-4w74,117896,3562,139
UTMynEqCGoQ,350,0,2
UXBd8hvKHzA,421532,11609,1262
UXPqbMZG5ts,12860,854,277
UZXyOudgYpE,195,6,6
UZbWyU65_80,147371,2557,224
U_O4sbcLHGc,150506,2192,73
UdwwDXhiPHA,1181091,19810,2502
Ue0mU-AZmpM,1983,71,60
UgMvzkBKWh8,398523,7343,617
Uge5taACXqo,46978,1994,121
Uhck2wAnabo,860098,10501,935
UhgfEIZQzu4,88257,5926,979
UiEY2KuMHQ8,950,34,11
UiK5n3SYb-s,102823,2169,108
UiZns0bGEPA,246843,5278,142
UipAKWq8YVM,26999,1133,129
Uj8nqPKEwLQ,17260,303,68
UkwwzJwcwJE,66766,2561,459
UltthoBQ7kQ,12656,321,15
Um5Ps_krL7I,18435,721,109
UmIS7cfpis4,370,57,7
UmYskm92Zpo,76657,1266,83
UoYmVujptBg,2610,88,23
UrPJdohIMUw,10657,672,146
UrXeU489jX4,67331,3172,229
UrfMGb46J-s,9945,458,27
UtPSGNu07dU,93054,3679,113
Utbss5cQ7JA,11393,565,95
Uuaw1APr9w8,812954,10396,1611
Ux-54H76Deo,695334,15563,1618
UxFb17bx8H0,128069,3835,309
UxRTmlmTlp8,279636,10420,672
Uxfu4ZEy7X0,93409,3538,123
UxskTdzfIlI,767149,18298,1102
Uy-DfZdmhdI,55966,2422,300
Uz80mFnPR1w,1032055,20825,763
UzrtzYFkCyI,7313,363,19
V-r2M6E4iDM,494,31,1
V0gH56RlhPQ,388727,8720,2293
V1AixzXxEkM,242575,16337,378
V3TCTZuCGy4,24887,606,152
V3eTskZkj4I,27795,1237,69
V3t0eCwBv5U,494,16,5
V4TxG7fVYUo,195038,5670,189
V4bqpSGnnA0,120927,3572,537
V7V-PMUa1jM,46453,2447,249
VA36h1gjHg8,21578,1729,150
VAmLydvgvlI,3510,156,8
VBATNB1p0f4,15238,1883,199
VBpyfBGjHJQ,283568,12248,1722
VD5E8E_6jPk,3719,370,45
VD5u8UqW_WI,7079,248,55
VDeri66Gw5k,360267,10440,282
VDk96ErSKjk,209319,9622,824
VFSAR-D2WCE,189031,9825,539
VGoWRsoQyr4,305101,10459,554
VI3ikxCDGms,35863,1707,124
VIBpeTBlF4c,5074806,68731,3738
VKoE3wGc3wI,689330,14383,1355
VL3wgrgay3k,6524,320,28
VLIVlWc_eII,63978,2169,413
VMCjnPNXoM8,1364,67,0
VOSLLD1EPuY,92126,2175,459
VPWggm_YneI,78022,5119,579
VPrX23ORDaQ,352884,17739,1035
VPzTvF8UdcM,91601,3157,132
VQDYf9EfMwI,60133,3962,159
VRswO3n1d40,589777,14748,961
VS8CzcfvUVw,344,14,4
VS9PU8NW6jg,274893,11246,514
VSPRLe9igcc,3814,248,21
VUg23n16wuU,263153,6567,296
VVJsDz-omC0,3701,11,0
VW1fCBRUBYk,195568,2675,407
VX3AgEC1JJ0,222398,5773,422
VXWFdonv_-Q,94677,0,639
VbOmWcb5_B0,2638,165,41
VccHOpKy06Q,128318,2694,442
Ve2u-FIEzgY,1672571,33968,528
ViKahoBCRcw,600,29,11
VkxyXIhAXlA,3879,196,35
VlDzJIgBk4w,815,23,19
Vl_ApxUIAmE,3203,183,58
VmO94k6De_k,64116,785,61
VoUdWRHkDwA,16228,870,116
VqZz_jaSGGk,375,15,15
VvSHdSdi2vY,64323,3106,308
VwWCkl-CglI,354153,10135,865
Vx0TqLbcVpc,116394,4291,577
Vy12l-WwqlQ,141002,6273,329
VyT9m0MKU68,77050,3426,269
W-ADbqq6ZQA,888,8,0
W0XKBx8rEHI,304919,6120,223
W2FP5LKON34,8709,519,81
W35rxGezBgQ,1923,180,26
W4ROTbyOARc,72803,4545,542
W6KsUlgANow,53714,2184,92
W6OXvnrq5fA,252330,10690,450
W7D9L49Ez-U,387060,12565,301
W7I3qmSf9NI,97360,4076,209
W7Uxblb_Sxg,26600,964,90
W9OyX8n8cRk,36045,1604,155
W9a4a1WXAuM,14429,219,43
WCWlPNhAfX0,332529,12685,418
WHhcj9jYdL8,21724,1421,87
WHl8KIkWauY,579,3,0
WI-TR7Ljjas,1424137,36672,1681
WJSH3isKuoA,47499,1997,80
WL89vihzjjk,428465,17478,742
WMR0eH5kM6I,123416,824,0
WPW7Xsq8toA,315544,23499,987
WPimWiBBrVY,22636,981,36
WQIFuWt7KzM,206474,13706,1363
WQdhMmfJAoc,63924,2372,62
WRHwXkLghAQ,10549,657,40
WS8eYFLtwSY,3597,257,26
WULADRQQbgI,2705,246,10
WUfRtk1F6ps,46255,1316,182
WUq2mDgxJJg,857,154,22
WVM79wc579E,44200,2356,133
WW9Kyk-QMMw,5108,290,5
WWyZKkQecY4,160958,7703,942
WX0t13vt5h4,409197,15103,531
WYzY9I7BztM,178029,4803,488
WaDHQ4QHRdI,6851,226,48
Wb74SmzO0Hg,2584,21,0
WbRUmB0fkX4,41464,1682,139
Wfjhdicwj60,135225,6378,2562
WhqgEcnZCFI,4782,352,27
WiwntzOmL8s,1124,40,33
WkRpk4bxUIc,5324,566,86
Wl9hVsx8y9Y,81432,3073,376
WlMShsAZcvc,121617,3995,146
WlQiV5soGOs,16035,897,88
Wmthd_tHH8E,161161,0,542
Wnc6d-DQpNs,50577,3106,343
WnlivU5fYD4,336,21,8
Wo47xLE5fuI,241604,5312,458
WoRXoX0MPdM,132513,3768,152
WpTYLtIrPt8,12682,1024,40
WpTu2EmNRJI,20110,524,35
Wr1PRU25AE0,87177,1633,135
Wrlx37DRrrs,580,100,306
Wst4kBA9jnQ,100,3,0
WtunSqKWMcY,1198195,13348,1894
Wv7VO6sSQzM,5504381,204276,2650
Wx-K2LXrxxM,1480,92,43
Wx3cDP7oI5g,486,90,12
WxudL917gkA,1959230,47788,3629
Wyu0OCB7dn4,102793,2050,220
WzWJUP1lCHo,523,79,10
X0x8XPorJ50,11795,0,93
X0y3NKQwTUs,4765,247,94
X3LPZbDZ5FA,22577,681,9
X3csbe8mZnY,18581,244,86
X4CudpliB9I,67687,1515,151
X6qNGn3QxTU,147574,6018,721
X6yDJs77kro,18411,1592,168
X7QwsSVQKD4,1170,96,17
X7f8Vb1BpMw,2738,88,0
X8n3RZ9pjYo,16067,470,136
X9tzqe1sqiE,9512,544,43
XAOsZHe93LQ,7896,733,103
XAWlVODAJ5s,33908,3285,599
XBYoFIvcMfo,59414,1525,36
XBuwCTU5HR4,7937,306,2
XCDR6eJpc0M,166939,6292,498
XCnOh8Vp4fA,18356,1876,346
XF3-hRlrfNQ,5762,541,38
XGxXwtHmpK4,183146,6724,562
XHCseJbfqVs,35708,1349,108
XHgxISMPs5M,656543,17426,1871
XI0AsIl2bZ0,1432146,37684,3651
XIMQ5o2to_s,79017,4983,350
XKOs_p60BHs,59510,2703,68
XMPOW5DS71Q,13802,102,11
XMfnDnulMLo,41090,269,17
XMuEnzg0gmU,1724534,36873,1767
XONfKXDAtAA,290501,7639,554
XOwJsnCILhw,2263,57,16
XUqomp-z5T8,45327,1751,338
XaXEpPcGMeI,48242,1992,135
XdmzMZkk0co,584467,42473,5579
XfHV3FHwMI8,1286099,26297,2799
XfagDObAdLk,4754,159,55
Xfz_kglF6ZU,1254673,46938,2905
Xg7V4R6oiNg,980739,17833,652
XiAeP_bcYvk,768,42,28
Xiy9sQRt6Lw,1031532,27776,5303
XlooH2CLTIk,253706,4935,403
XndDPtkXmTs,7863,503,30
XoXF-xXxTIQ,996653,52159,409
XpKdCowImvU,1408,38,7
XpgFSSrUoro,366313,7204,365
XqNY7aG8gxo,194025,3088,336
XqQ6QqWzQ7U,36629,497,51
XuAR0zlllaM,82422,2088,220
XvUxJAtnxwQ,1578,77,33
Y11ih1OEszY,84065,3288,841
Y1zJSJiK2Mk,36838,1319,110
Y2VvAiXtP_Y,12615,159,19
Y3GdJZiemDk,123789,2565,359
Y3RgZGwLA6Y,48951,3518,364
Y3XKpz8C_bM,50453,1883,222
Y8-4rbZnrIk,31571028,729629,52180
YBANF9KQl0M,564,70,20
YCFNwp8TH90,1004941,18416,9173
YE6BquBXgmo,33868,2748,359
YEghAYdSOaI,794,41,1
YFOx5_ozQH8,1839490,26764,1473
YI_-JEdo83Y,5519,362,62
YJn6kJcDDTA,7836689,251987,49681
YJpqmd1FM_8,203654,10205,585
YK8hGMfNgzE,262,0,45
YLPogsvk7ew,1442,20,2
YMblJMX0G40,9057,565,126
YNgCg9eF474,65304,3210,253
YNjluhmwrOk,1077,30,2
YNjvhHBsX9M,26700,1328,107
YO49D7SH130,14212,298,25
YQ5Jv4x_Hp0,65974947,1287954,39247
YQGnYrAuHi8,64084,2928,97
YQVNQmbKwSE,1310,108,0
YR0ftQ2eIis,114091,2340,246
YSVXbP18z0Y,697725,33009,3165
YT48HwKrJFg,141788,4569,631
YUuJGAv3Tpc,1152268,64839,2320
YUxJ-pihbXc,321091,13453,1018
YVEXxOhYjrA,4146,147,10
YWAKuKOG4xU,292959,7965,1381
YY0-yK2SRi4,8249,297,58
Y_iMpzLuUUQ,38846,2777,300
YafWN3flXTU,186111,6955,307
YamEZfcS3mU,112,0,0
Yao1GGe9HQI,91646,2607,388
YdQVgdHpk20,20501,2358,416
YdUNrsq6eTE,5938,412,47
Yfu02WSFtR0,261208,10250,365
YhL6ZF2luIc,413,24,4
YhVy0eZdUb8,706492,15277,1648
Yk-C5nmpVIQ,3706,241,55
YkPiTga-xNI,681142,9951,505
YlCbs7D1-Aw,634660,5391,477
YrUIlaG0c3c,8003,156,82
YtZKFFtX-G0,85,0,0
Yvz9sWS6Tfc,21784,1063,75
YwLkZXeGCDI,25616,1267,74
YxKxOYvDqcg,99456,5459,367
Z-N_NyiQhbY,9572,34,5
Z2BsmG-sqdY,76884,3832,368
Z2h_Jj0ahGc,2057228,20497,1214
Z5EEYQ-lepE,1054,0,111
Z5koqfgUcls,1393981,33693,2209
Z6yUuuPG7EQ,919,18,67
Z7RIYLXahfE,2276,304,9
Z8g0zOt_c9g,724345,24606,2060
Z9M_EQ3hszQ,10509,579,20
ZB1JAWYtIbg,46943,0,252
ZCUtAYlt-eA,149272,3885,96
ZDNvw9fsmMg,12155,903,106
ZDQP4SRfrpg,63194,2136,174
ZEVLabGmE9w,630389,9414,803
ZFpnR0xpdRI,18587,0,82
ZHxnWGnmTEk,105533,5180,201
ZIrqsRSprnY,17213,944,131
ZKC2DpeBaOw,915,39,0
ZKv35nYm5aw,2920,113,28
ZLZYGufLzE4,3251,83,21
ZLfzADdFjMQ,3266,314,38
ZMHdMN0B3QI,65736,3830,331
ZMHvYD5TXb4,369298,4491,772
ZO1C9yQkQIw,4178,90,54
ZPZD8BZjXX4,6441,107,7
ZPgfFMFylaY,209416,5571,150
ZScibK4HDx4,53160,2537,72
ZTiFnGBMgKU,60701,2628,438
ZUWFIXxkWhs,789,77,34
ZVby29B088Q,112066,2093,390
ZW1OlEou84s,899,25,0
ZWGDjgZ76q8,779,28,57
ZWTRWKPcndE,4180,205,65
ZXJ1Ebsux4g,134294,5403,418
ZXRChhajpic,837,33,12
ZZ0ASsbRO6w,46090,3153,467
Z_-0yXSa-tM,260542,9554,695
Z_hNMcayu2A,1888443,32580,4976
ZaFOr3yomLg,29927,2186,179
ZcyO-ggx5tQ,1571218,47093,5040
ZdELq23qUTQ,420117,12568,760
ZddfrVMyJH8,2622,0,4
ZfRf8dyBgBg,317,39,26
ZiQ2oipEO5M,470,10,5
Zih_iGT9wM8,7766,628,50
ZiyjvKUTBjA,573394,8250,2155
Zj13Z_H48nA,101743,5839,217
ZjZ9hap6gGI,2836,0,26
Zo6TM_iRyJc,96509,4898,203
ZtFc9FT0N2c,28,0,0
ZvEL7DCJs5k,11871,141,0
ZvRGNzNuUx8,30231,969,84
Zw9Cj-bT-5U,212460,4963,364
ZwnCQ9UB2gM,3584,280,67
ZwpVhNFsfPM,26264,1437,205
Zx2f6g7x_FI,70858,2954,131
ZxL58tCcTOQ,39840,1746,55
ZyHLNHQMlCg,1407,73,7
_0flcFZKaH8,876290,36328,5977
_1IE7uMo8iU,3120,127,5
_3hVuFqtGA8,125035,3666,166
_4SSzYOzkG0,319446,9995,1328
_5ZwLBjVJ30,289433,9224,336
_79OZZQRZN4,1046267,23978,607
_8WB6DhU0PE,15897,1095,331
_8Zl2WqkLkA,26401,1191,160
_AWKKCUJnk0,94156,4249,346
_DWXlySq7p4,9476,832,143
_DsfnSv_ATY,1808,65,9
_E793opBr8A,852,35,5
_GbBvDWLMn4,31802,1479,280
_GiN0VZUEyA,908,39,12
_GpDIW5r5uw,39060,1488,230
_HSQsi3Ol-Q,9535,621,43
_I8wNd_0Cng,419,3,3
_IjUsVx6WVg,23809,1218,99
_Ix_PQ-EePU,628,44,5
_KB5xVXcRUs,11896,693,91
_L2Uqpw4MtU,162999,9325,764
_M3ScFB7d8w,96346,2099,177
_MRKWqd3L3w,4134,36,5
_NDGwUzXNFM,28347,1454,179
_NIcXlLGzmo,1631,95,2
_NM4uI_ntX8,190231,4824,224
_N_a7oVNfrg,3175,280,57
_NzvNZ-dMuA,115481,4508,262
_SqrtpMVLOc,139987,4893,147
_TI7w3rOAyg,53168,2176,294
_U68ozbzkqg,31084,1945,151
_UgMjYOmuZI,256463,9214,581
_VyIplCMi4A,3659,383,162
_WhpGoorhDE,263878,8243,306
_XGyyuBHo0o,203043,12248,2347
_YzEYbX8Ju0,293945,6765,638
__MnmdBYVoc,34394,1151,131
_aAeGztwbpw,3336,313,73
_aE7MDvvfJc,108696,1711,208
_axaqyGbSmk,1535871,53877,7320
_c4HJnpPJJM,7828,102,11
_c_LJimQ1zg,448304,16784,454
_eGxfDkte9Y,0,23538,2159
_eeqXw2u67c,249622,6613,406
_fIQurJlK-0,809909,16084,1840
_gpzeC-DjFw,3920,451,73
_imBxendSy4,4221,361,54
_iwYr_FG9f8,398930,28874,1302
_jiVtXsfupo,6654136,128964,0
_kIxo5o5w5Y,2749,22,6
_kKm-OqzmWs,1541,48,10
_nJkaMeJESU,607326,11548,603
_o75JPAZM1c,229923,6654,609
_oqTNpCNkWs,19948,392,78
_pKWT4ZcobQ,169661,3021,192
_q5xGr3Hs04,5716,313,58
_qAiuve2Hus,4075,208,16
_qWi95cDlAA,41243,1431,291
_qZsmW5IW20,18715,1343,105
_qoxcsCD7kw,84363,2229,167
_sR1cALLCVg,2330,56,31
_tTSdojGOtc,49652,2637,129
_uim6Fi53TU,19100,592,14
_ximeemA3OI,4534539,60905,5311
_xuMLlPPhtc,607388,10621,732
a-lkM4TJwdQ,1410,215,20
a0Yr4CejPXg,68858,2347,196
a1Pd3XPaAuE,1391869,45425,2725
a1g3kt4XLfo,70454,3056,388
a1jF-AokfCQ,2031133,58341,0
a5cK154znmQ,21069,1224,144
a7_MFtNKfHc,18399,799,93
a8kwJYMSyFI,52809,2181,226
a9PyRuEJlbM,231,10,7
a9ss9hxdc_g,75136,3908,174
aA8hpFdp8rk,731,0,17
aBBKBpmtfTU,238890,8011,241
aDAR65Fcp7E,977,32,0
aDMij0Q5trA,7219,419,60
aDQQVIQowL0,2531,122,0
aFsqqv6Hy8k,31818,728,59
aHXJvqCqhyc,149379,4554,166
aIOMYGTHqqA,833620,20536,1116
aJ3H99d41l0,2948,161,33
aJKIYEvF8u8,3669,146,7
aLXp5M1mdoo,646439,18832,2729
aNTEtfr81E4,448,26,10
aPgwD05HHKE,634,28,14
aRVWwPgSOkk,221025,4948,855
aRhLGffqjgk,230590,18860,1872
aSvGcCDoVt0,11676,582,26
aTiISTBaLkg,862,10,5
aW1C2JvSSHg,15466,1810,252
aW91mGf5Wqk,4164,192,37
aWZn_t9j6YA,5204,244,18
aYJ0w1ZQfYg,1413,63,20
aYc5vE28Big,4450672,106384,3922
aYxT9tCrADc,141467,3002,147
a_nHmORJuW0,235309,3916,636
abYIe3yt2E8,421921,13221,552
acKZvccZpiI,62062,3166,159
acp-2bET9Tk,368358,15222,1062
affyMammfp4,129642,3501,344
afsIRMFQR3U,38169,1675,174
ag1cLigOqas,82094,3824,115
agJmf_4RkHQ,3996,100,18
aiF84sKG90U,10952,1023,107
aiWO5CxPUXk,42120,2053,281
aj6yPs9Z5sc,910,77,70
aj7o4FXVsFE,9336,191,38
alFcZ3YZSig,3437151,32098,6635
alXi7ylcI14,51024,3111,185
amMgWUW2zS0,394,1,0
anOwLiXRa5w,40010,1801,295
anSOkTr4ugk,4945,165,44
apd8JY86i4s,1218,119,12
apfF4AzYE0Q,95560,3822,126
asVHaM9QXzQ,4728,334,88
asu08Wn49HE,49271,2082,128
atMwIFVnrnk,217,8,0
ata_KjyCz4M,2182,79,3
atnu-6Av7KQ,832,46,0
auC65HEaRQI,357937,12820,455
avVOKbL4dpI,7932,534,88
ax27NUdQQz8,621004,27061,1045
b-b-n3jj9Zk,40188,2146,92
b0Sd5upIc6o,10125,456,52
b21dwnHHSig,11742,1180,306
b2BiKjTyqII,282431,9203,361
b2OS-bv_9ts,42913,1603,293
b4CKtc5lKNM,2036,105,10
b4lIezLc0ZY,14864,461,84
b5tDEbQggXM,190656,4722,33
b6qUzEN6--g,142660,5077,165
b7Who3YUfzE,1159,53,23
b9oguyK0IPQ,21991,683,73
bAn0qP3BHcI,601,16,4
bB-WXYd-KM4,1266,107,15
bBET4ReZWME,8085,444,17
bC0eqpysh-k,3065,146,27
bCyhP-OagTg,2043,78,22
bDhhBLga2I0,47458,991,60
bGf09p0olOE,2368,97,7
bGpXVxq_7iU,276334,22111,437
bH_TiXuz5ng,65281,2371,182
bHa9LfG38bA,332340,11313,455
bJHVULK8pAs,363691,22255,1785
bJLNegQonAY,113759,8783,312
bJW0DRu1U3Y,12401,1047,196
bJyXT6HK7Us,44829,1846,201
bKCr62Dk7Us,31780,1344,147
bKqurWYev2U,39098,1348,60
bLo1sQ56oZQ,86754,5365,337
bOyMWEtlGC0,60081,3668,183
bPUI6knEB7w,40952,1786,135
bPmYS3LC01w,3434,86,11
bQBVLIkzcrw,18472,843,258
bQdfoCTjU7E,508166,23239,3829
bRLJhD0Js5U,23777,908,154
bSaPw3r8lkc,733419,25439,1531
bSzr04ae_Jg,683,0,6
bTLMJvuPbZc,331,39,32
bV6nCPRX5XU,916143,25399,1943
bW_WaXqlE9Q,10562,474,110
baIR7eMg5Ug,5152,569,104
bbHLfaq8LzQ,125857,5993,498
bbkUGFFjX_c,110,25,6
bczHb_J9wVU,42771,1463,130
bfn9tndD9iM,6884,446,42
biJBN1vOIDA,5311,305,35
bi__9Vzhnc4,488571,27569,1177
bj4tLSZnIqM,232319,9023,1768
bkjKixwujk0,8153,683,83
bksKSfElfX0,287532,4348,438
blgx0OxEuiM,148619,4386,191
bmXbtVaYFQ8,135,8,2
bnPKPdfgGKE,386,42,10
bqO6iZcLrv4,1327804,8576,543
bsTb5vMw1dQ,39426,1155,220
bssydiJg8LI,1864,210,17
bsuiRiyjFPY,423587,5232,297
btEYK52Dwsc,1682,61,8
bwQ1ifGRKGY,202995,6783,120
bwp3C1HRCzk,83769,3234,555
bxU3BHbt4ZY,675363,21588,1442
by4HzfWRbT4,4089,116,45
byOqHHUBlVg,16172,998,17
bzjxxzxdeuM,54157,3672,200
c-fijV9L28k,1378,98,33
c0_yjwProzU,26227,1703,110
c12zRnFUTdo,4117080,71624,7183
c185R3zpFQk,31260,622,49
c4kMjhSt73k,25840,1018,495
c64OjV9lNvw,374348,17554,2122
cANij8_TIdI,6748,227,29
cARc1t-KsqU,200571,2783,150
cBXHIQdKWBM,17562,242,68
cBrceYb6S3w,182181,8977,617
cCGGFF_fq8k,15017,440,40
cDa3rn2haL4,22637,1096,54
cDaBzBo6JOU,13854,510,100
cDfcwMk03SU,1736359,72198,2229
cENNaC4LkC8,8862,29,7
cFSIBImwMR0,393007,7817,247
cFWKWEGIiOc,94843,8915,1041
cHc0025eF_4,370288,4890,553
cJ3nBjgCf2o,20976,1347,123
cLWymhJnwts,14,0,0
cMKx2sNhyfo,1233,54,27
cMfqUT8RW80,1651,65,16
cN3jKaXSN6o,31845,1843,167
cN87h1Z8bF4,40575,1246,122
cNJDwmEiie8,140048,3904,366
cNr50q5iEaU,3054130,29095,6985
cOwDeDzZK0U,125130,4859,404
cPeu09bCPwA,50389,1324,132
cPqI_8eDqTg,1758679,116856,3096
cQdlPyDBHcw,19189,456,60
cRop2TQOFOw,17209,814,67
cTScqZ85VjU,652,118,8
cTVQJFKO47c,7794,472,64
cUb3tmKrZyI,4153,93,96
cUsVaMMdicc,3912518,80675,5405
cVkJ6Qn5JNI,1148,42,33
cW7IXyH60VE,178864,6958,188
cYDdNL_rF9A,103,3,0
cYn7RhlFksI,71293,706,74
cZxCDeyNN0g,37438,2214,170
ccMsoQJIW5s,806453,14712,1612
cfIkMJHx5RI,3521334,131060,9484
cfKXmi1Plt4,461,31,1
cfgd4erLBL4,435910,10472,1693
cgCt4TRvrmo,2390011,47918,5846
cgnBQ9qOqmY,1420906,47953,2652
ch3QACqOhEA,115793,4934,245
ciBt2cteN-U,17220,1119,196
cifzQypGnnM,247546,10115,235
cjOMiFsjCvY,3149,98,36
ckgTnTg9TPw,12814,431,74
cm2oIEkmbGk,112397,2338,247
cm4yNGTlQOw,472431,14059,1632
cm9m-gyMlXs,20508,1021,394
cmBaWYIfR5c,630,45,10
cmlM0cS98qo,129305,4280,282
cmv5gtLAWPM,3580,344,53
cnkfymvUoGI,22299,1136,122
cntVFWMLfFI,27783,1116,51
coIXi26Ktk8,225461,0,496
coayhixmBBk,162962,6152,530
cp0wyuBU7Oc,3149,253,68
cqVlFvPd9So,128711,4056,308
crsuIRAr0rE,313030,8579,703
cwklx0IhAxs,31025,732,253
cwxu2dA5Dv4,372488,14269,1921
cxb8w5kSWaM,128038,3940,261
cz2xBnhjY6U,158046,3309,687
d-GbnwI0jcs,834,5,0
d2I4jSEAHyc,81303,847,89
d3dRw-098OQ,223,0,76
d51Kl8fdOPg,36871,1364,172
d5z3vG74xmY,161501,4415,262
d631FlkmmUA,1342,110,0
d6I82GDhv4U,285,10,0
d7otlQw-9U0,308212,3455,71
d8Pm0p-g23k,1549,39,14
d9KaWtyIqYg,12140,535,138
dBhVBUwG-fE,32190,1882,81
dD3jQhawZ7g,26848,1141,47
dFB91YBhoYY,166441,7476,809
dGIZPdLOYQ8,1091,14,0
dGM9kDXdWcQ,5002,186,76
dGxnilrs8aU,368,19,12
dJzgm-dNXuQ,468,31,4
dKYTWDErNzo,431362,9340,507
dKcEfMqLatw,74438,2454,140
dKexXf84Znk,1801,139,27
dKp3ROPMXD0,26589,1834,170
dLo695R9_oU,55917,2586,307
dLs1qHISrbk,553,84,9
dOYkqc9ec1I,384,9,0
dRidbogoKLo,92063,1396,77
dSpW5Xc180Q,95874,2423,373
dSqIcdng1hM,3457,77,9
dVWiQDALCoY,65962,1350,70
dWhyFfsb74g,9680732,74867,3783
dZdOnCkA988,6696,735,145
d_pI6qPlizQ,1213215,36048,4691
datYaDOz2R8,47275,1944,179
dbdGpkHLx9Y,6708,80,6
decQL8TcTPQ,106133,3976,163
deevFn0oNNo,217,17,0
dgSvonx7PxY,24474,892,53
dh5czgZJIwo,451563,14073,1443
dlHS2kdmxNE,23657,693,177
dnvb9MRVJd4,19490,866,76
doapxNsSkrY,111686,0,326
dqB5LB7i-30,18,1,0
dshX0csKCoE,11936,228,108
dtq3cGT8MGM,1556202,41007,4084
dtzX0da4h9k,5541828,41536,2075
dumd2OhjSFI,3404,201,41
dvbJCDZuWhc,251002,8748,270
dwaGrJ65gUg,590753,14594,593
dy-A9_Vr7OI,40436,1442,105
dyzpn_ggo3g,258138,1321,123
dzg9C7KsP4M,640386,17438,563
e0-n3mGN63U,631423,22711,902
e01UyRnuAYY,233633,9500,572
e0iPtuNtnJg,3274,127,49
e0ozbHBGnGM,2245,0,0
e0pA38VUHEs,6863,481,15
e2W9UaVhsX0,16663,2452,825
e5mAUbRosCY,750,51,43
e7-T73BQ7js,3685,71,17
e7eggKProwI,4453,417,40
e7kTR2E9Wlc,93996,4288,188
e8d-RyhSehM,212590,7541,1027
e9iFewbAcTk,251917,4303,720
e9waYroSPgo,1831,42,29
eB_2R_Pockc,6944,489,192
eFgpfgkhalM,178224,11259,1139
eFu2w2KX4ss,84078,2595,53
eJukunJZDU8,1451298,26267,1059
eKPzWxJ4nKI,154870,4262,231
eKVvurYk5kQ,1762,58,2
eOvseBciXHo,293,38,36
eOyIpRJqw20,10915,1207,110
eQgF7_x5fmY,1537,94,87
eRq_6dNf7cc,105885,6806,677
eSjAFI-wdic,29062,1609,83
eTpjRwg-R2c,36555,1357,129
eTx-r4ZI0Q0,28869,1870,193
eUmMxxACvLU,29910,1538,237
eUxW9-M-cHU,60309,3617,243
eYvf1qMp5pQ,262244,9957,1500
e_k9LuicBvo,3009,291,16
eb5A0w2r-O4,612,1,0
ebQ6Ev1-4rc,39,8,0
ecv6X5ZWGnQ,1239,29,0
ed06JdrU4BM,1193,38,1
eiP4XJAsrLY,417255,12513,1121
ejnZYVzPPLw,4374,79,137
emt2OKarVZM,1755,62,44
engJhkyoqwI,193863,10640,749
eo9wFVoUpf4,352509,19146,3699
eqEtDuC_at8,13618,465,70
eqQpkGaA7bU,314,20,0
eqqVFOvtOcs,8064,303,163
erHYTArmkZ0,18745,1310,59
erI3UulSmSw,2278,80,27
erOy91eDW5w,15813,308,34
erTvw8KJ44Q,197802,12641,671
euOfRk3mInE,332578,3741,318
ev6GL49Qcgo,303,18,9
evIUyVRHfIc,78854,3936,123
evTFGDVlQ4s,1083821,27519,2222
ewwBedvAhY4,25010,1407,123
exB--zv3N4U,213365,2243,272
eyydfWC9N_w,73434,3674,705
ezYVlu1hx_k,4979,33,7
f0PA-yr-OHo,92745,3106,57
f0rq_-Wupeg,761,10,0
f16ujuGgXOo,35593,1902,123
f3uXJY4HiIk,9755,804,39
f4AsvKY-wBk,778707,24173,2969
f5fD_oFGdzU,191433,15391,1520
f6UXRBaKPU0,177932,3890,366
f706f6KNCEM,2557,183,10
f88NacJzekY,165256,2080,81
fA0m-LaA_7c,839075,28683,2415
fB3fu_OUQCU,3838,170,37
fBKaY6eD5vs,295239,11639,580
fBVhdswz8Is,79,5,2
fChooDx5q-s,36122,2160,90
fD8CxHFngFk,1368000,14569,1420
fFsR_vs4_sE,66945,2155,179
fGHZBpxJkrw,145335,0,658
fH9ceqvvNkI,477819,9648,769
fI6f3sGZmz0,316748,7606,386
fIi3T50w1KA,24851,1283,147
fJJgE8K2u2w,14148,441,41
fJVlMA3Fw_g,116203,5344,302
fJZ0IQQBOvw,106618,4813,756
fKW8cSIw50A,923,64,13
fL56kvqw9K4,57136,1912,94
fLBP3RjnVKs,98198,4429,962
fLuv234IqaI,4388,59,4
fMvXX6sYPp0,2475,140,56
fOE4NCgK4DI,4336,256,98
fSExytZS5Qo,10036,655,129
fTdNG9dhoBY,39413,2220,316
fTnaZwbgRCE,118437,7182,330
fVZqyIJNmbg,17902,1016,55
fXg9Ybo0P-M,2841,32,10
fYEtozCbX-g,173522,10055,461
fZ4XAWBDpFc,1301263,34059,1627
f_zPPqUdWCg,50766,0,488
f_zZz6jZM3E,455,33,0
fe-67xOe62Q,13878,0,58
ffK6oaXh3Z8,59238,4213,206
ffZ2Hqxc_Bg,56517,2265,236
fg-aZiawDDI,113297,9788,1167
fhQ5PvzQolk,89888,5240,761
fi-1XRsB_CM,30216,1071,166
fi_yKfF-VWs,431,24,30
firToZ3-2uk,2889,294,30
fjMzIPNUKXg,72868,3313,253
fjavcf1Nb1g,1602,99,12
fkOld9v1k9c,421,14,2
fldZt4yHDU0,313545,11276,336
fltDl3izfLE,64266,2672,565
fmEzwWg6pLY,85566,2005,61
foRhyfUPKe0,6963,177,17
foooiQW2Kug,731,37,4
fp19JCP2pCs,750209,24143,3965
fqJRKSNryFU,91501,5161,344
frFCKsWidu8,14550,593,0
ftwXLK-RYvQ,114425,3156,131
fujA6IeNcZA,20248,1549,120
fvzcwqQtk4I,1753,179,167
fwBAEa4VFUc,64498,3305,661
fwu5PHkejMQ,1308,63,17
fybqI8z9jhk,858907,27758,1604
fzb_OTsJQ9s,302493,13521,1552
g2QVIR2UGyM,1344,79,5
g2a8zpm2_Y0,417915,9333,364
g5ADP70RX5I,41,1,0
g75rWQokYBA,330,64,41
g7CpdlAtw-M,17508,655,37
g7H5W79J3fc,145402,0,278
g9c_LPCjA4Y,1295748,34121,1371
g9lf5YyB4Nc,1808448,33252,2238
gC4nON-snQM,26414,1741,309
gCXHC924bg4,2298,54,10
gCq3LL5YKc0,247,0,1
gDc-8jQq9ss,21782,1002,75
gESc3obVL1c,114529,3717,137
gEdn370z8Qg,528,28,1
gFLuLmSjVCI,211954,3429,0
gFOYVZiyCXA,6436,519,64
gGlQ3dPGLOg,702112,6222,461
gJ5DDXZtJbE,42373,1691,37
gJ9rEQGJBF4,1823911,29671,1460
gL_3rTTAsoE,396120,11168,621
gOLEdV2Ry64,95807,2663,1731
gOoPte3IXUg,666686,44925,5259
gQU_GTWKHyA,1625787,24319,5988
gR7AcCJWkiQ,222404,5825,189
gT9mUbAE0lA,207727,11192,775
gTQjM29EbrM,20449,653,4
gTeTykurNzg,424605,20694,1806
gVMU4O0QKCo,607,44,33
gYW5By-VDYs,487194,13931,631
gYgT67a5DXg,25288,1211,165
gYmK61cLH1E,162020,8934,382
g_u5v6tPnD0,6218,152,7
gcVlJzYshHY,14463,596,157
gca99X5zCuE,302972,3848,164
gcjP_DqdA28,284066,19493,1006
gdpF56G4_mo,21401,1070,16
ge_Aax3qguI,927978,11710,362
ghVDPDJQOo4,1073233,25232,2772
ghsdnqHHVUI,266313,6217,397
gkliaVV_wHk,437155,7533,475
glHqnIsRB9o,518950,18924,2673
glx5sAPxdvo,153254,7152,706
gn241YM147E,6038,46,0
gnYEDeL-jys,10299,731,120
gneWTTqkMb0,35727,1886,173
gomF10frVJg,6258,466,89
gqwRdGC87hY,1196324,16857,781
gtmx2uDj6lA,4308,0,24
gu3UXQ57Ixc,9779,121,8
gvZQWaSkUyk,218273,9277,306
h3oDBiMbiak,2000,71,40
h4Az7Vp2d5c,19197,918,177
h4dAbH5Gok8,91405,3256,318
h665wY-sy9E,4040,358,44
h6w9txRvoHs,31581,1549,82
h9FLZWWDO1M,146406,6378,598
h9Sz_ruSRS8,239561,1684,175
hD5quR_Rdg8,44019,1442,137
hDqk1d-s-0s,5461,489,51
hFTeMAm_-SY,4714,111,125
hHBhgilEpYo,299868,10128,1880
hHOijT_ab2w,9493,956,117
hKdMzQxH_kY,464575,8101,725
hNtIZtr4V_A,19631,1037,98
hO8DBCJyIQc,2650634,140074,4168
hOeiBb1UYV4,64784,3153,294
hRQ-lBxLciY,912,43,7
hSUCsi3FdCU,2139210,43093,1541
hSyCMoCcrFY,61715,2721,252
hT3yEHLX53g,304593,10891,443
hT9aR5J2v0U,351543,18399,1165
hUAsMMhIM-A,20098,1247,76
hVZCrVzgTlI,9516,182,225
hVeDaOAjFGo,86016,5549,612
hWIMspWuVEI,22067,279,281
hWUdgZbOD6o,1110,106,21
hWw6Ua4wyMs,2300699,21531,12952
hXNgY7JiKdA,65567,2886,194
hXSsMzaopZo,112,0,0
hXSxTOWc_Lk,54133,3460,307
hXqd0Uz6-e0,60440,2865,175
hcWVcx2dnUs,768209,25049,1577
hdZydzqcaiU,106478,3612,115
hdo7ZFTK4ZE,14377,346,22
heLXsSzsaC0,1491184,55566,1944
hfXFgWZdQFE,17635,545,53
hgBgdXzgxvo,133043,4134,134
hgulTvzsAHk,11010,338,99
hh2IkTHssl8,203710,4114,394
hiNEYRY3h9Y,13253,1145,87
hjXcUMjQVOQ,85960,4208,462
hjfRy74D8os,2969,52,24
hmSjexjwW1M,144919,7664,683
hp6WBMNS9p8,178,5,6
hp_gdBK2_y0,2432,186,33
hqSAIh6wLSg,152275,5036,362
hrECwxk0Tvo,2905724,34454,787
hs8bgxuPzjU,719716,20887,517
hsnlBpKVFnI,29443,887,29
ht-EU_RWPg0,973378,28687,3006
hwxmHRrlMwY,1612330,62051,5227
hx87rior7Q0,46133,1997,322
hxBihR-xLM4,48178,2885,160
hyOrmKeF32k,66006,3875,394
hyaQkvX-gOs,3886,401,40
i0AjtpI81xs,54366789,974579,49317
i19jJbU8n3o,640560,21989,2159
i2ivLsfmFoQ,512007,13678,723
i3Y9xl9ckWU,67274,3553,422
i3jJKdIw3ms,116269,4827,695
i72wSZ07GRY,462,31,5
i73vBiLo2PA,410,5,0
i8QYpq1TFZs,66908,2202,63
i8qS2r4Mws0,234377,10941,944
i9vGQ0kx-fQ,1323127,14584,2052
iAAB_4LgB14,355299,10065,381
iC2Q4euQZws,50816,2922,224
iC2s7Vx4tCc,58906,1703,197
iCCuWDTfYY8,41825,2109,282
iDTQDzqoWyk,431,19,8
iDXYFRX5RP4,60337,2546,110
iEq0Lc_sWjM,381939,9503,206
iGcS_QsiCwA,181111,9242,306
iGt6ggbI0oY,104129,4822,643
iH4IPymkagQ,2204,130,16
iHQ2lhGvL7Y,356,2,0
iHyEzFFHD1g,29496,1136,0
iIPDkX2QfHA,1422,59,2
iM43LN5gdgs,4626,398,82
iMKVBr1gLYI,1069545,30053,1041
iOIgLr2nxbg,283,29,11
iSRAQkTwCzw,5927,124,13
iTeW0PTPEwE,131357,2742,342
iTuXj5_kD4I,634324,25306,744
iWMyjfgyCYU,2515,163,31
iXDvw2_BIqM,112961,4619,1002
iXcVgehbnHQ,178635,11458,548
iXd277VEQuI,337172,7801,1107
iYvBDtk8z-4,180918,9702,493
i_CpSPD2O4Q,35980,1762,174
ifLKnE2WgPE,537368,15975,1409
igKebYBEP14,1690,22,0
igSoZvr7lnw,19014,710,57
ihEQOF8_SXs,64781,1075,163
ihQCje3qADE,89669,3586,204
ihvJR-1WujU,61375,917,0
ikCeI-HNWKU,90912,5021,685
ikODCYiD1FE,67,0,0
ikd-EHbgyEY,887,97,71
ilvgg0xoqXg,13664,923,44
im9_1MMzw3c,1564224,37483,2936
iqd1MUUIJHM,11380,365,73
irehyChnrqI,714,111,17
it4RYgwYIDg,32609,1391,133
iuOb6l6vbOY,504554,7429,1136
iwINm7MQonw,8596,161,39
iwzPLQ6-BDs,44378,2829,100
ix3pRU76vIc,6451,138,11
iz-Jvx0AmuM,68737,2042,197
j-1qqpISL-M,85464,5370,607
j1ZDjp7CS9I,181279,4350,317
j1knOWYwnMM,4377,168,29
j2YWXAqzmX4,1173,144,54
j3KbfsiKtJI,2344,224,30
j4pBIs30HQc,215749,5223,521
j5wy6RXVVCY,88146,567,179
j61BEpr1OSg,186163,6323,283
j69a0yB08gs,35212,3508,609
j75LDK7JDSs,210,7,9
j7u0a_WH7hQ,189575,3586,355
j8wC8ZajIQA,2790,135,12
jAi_grkVCFY,289680,7151,780
jB3WygJ47A0,32422,513,20
jBlBIhyPGpQ,71938,2908,507
jC86fVeUeZA,1893838,54443,2273
jDtgVcVUTVs,194,12,1
jDxJk9l0Wp4,495630,11819,384
jH4Vp_JplzI,1345,34,5
jI23S-mYYeg,13873,134,5
jIwaoO26ClU,71229,2845,392
jJaymuewPYw,1033365,19273,1987
jJyZzmYeHiQ,17837,111,15
jKwVWyHj7no,13015,175,5
jMLdbmElS8w,469,18,9
jNh9sBsYgss,601388,14944,441
jOwLMt8-WQs,598,20,14
jPAf5X7D_5E,41936,1717,217
jPUSclSyUiQ,136137,3834,370
jQSa-RVxOGw,186905,5906,362
jQaxzqZztNM,68369,3284,474
jR1wybhuFEU,75004,3906,429
jRcDmAbP2Wk,20928,1992,143
jSVt-jwgQ1U,2839,70,74
jSktkWAbLAk,5127,391,46
jTHtIfk1Nyo,556096,17829,1663
jTPe32FwjEI,2943613,62945,1856
jUL1cRzKQlE,1024,28,5
jVtWRVmMVGg,338235,8663,2371
jWuz8p4lZIY,39724,1227,114
jXNyEN-zn1w,548,21,15
jZgqkyRu0Nc,52507,1172,92
jZn35O_ja4Q,234574,5056,421
j_G9pHUL-wY,6411,449,79
jahAi_wkHAs,19177,656,124
jbdN_Uwuosc,368,43,14
jeyDC8xrwt4,94578,4136,91
jgSxogFcp3U,3372,55,5
jgy0EWT3esY,200,7,0
jiQ7Grr33oA,88382,4918,598
jjfscrmmUF0,787,53,24
jmNvjOJNzxw,877,30,1
jmntzm5yBYY,186893,4793,293
jnHxX6Woj8Q,608855,30295,1386
jnP26DJ4Eok,373264,14890,1339
joeAUU_Gwko,35993,1582,168
jpBpQKazIsk,537,12,1
jqEDYZ_jq3s,60182,3085,123
jqKQfexB7To,54962,1957,163
jqrEYX5MMks,200959,6545,718
jrppaG01-F0,22580,781,283
jrxk0pWFe-I,44293,2587,228
jrzvf28SgyA,3103,80,43
jsv1yjFjZx0,225218,3644,855
jumDvsiJ9BI,18535,400,92
jw1ScfGOB4U,162786,3799,666
jw7ykAwVGH0,14383,492,119
jwhcFIoDFNg,91822,4074,350
jxZgccTWzcg,31279,1489,174
jxi7MHhur20,62817,1153,274
jyNFfoeQkDc,118,3,0
jyWS46pHtdA,10562,272,20
jzS627fKCvc,145677,2702,82
k1kiz4GUt6M,2675,80,17
k3dilnwfcec,691547,24312,969
k4VbpUl8U9I,37598,1652,83
k4cn8eVRCDo,41053,1371,139
k5DdXvzvQ9g,136156,4945,199
k5iXUMHPXb8,123,9,7
k5k5NraunyA,1652,88,17
k66Txci4sY0,26798,1253,70
kAsWumwTUjQ,6050,618,60
kBRmepdDuGk,710638,13627,386
kEdhl7xNluM,712,12,0
kFBwyWHgkXg,54559,1789,276
kGBsb55xnOE,309404,7326,466
kIbYhhIPwy8,39676,1759,130
kIbd4DORB-8,1690825,65890,4572
kImXctXCmLs,285,13,3
kL1xAYUTx2o,57652,6370,709
kOUQW-YbAeY,37773,2118,173
kOf9riihh1g,101398,8222,404
kOsUV2DvXwE,2201,45,1
kTrjYBGGol0,36970,408,39
kVfqhcWspQw,186638,5654,679
kWRYJ4P1h-A,402453,10317,833
kWXTPmPd_gk,434740,11088,914
kXPQK-Gxkl8,841805,17513,2674
kXq_pc1ug3s,474346,8198,918
kYTUmK8f52A,2813,319,16
ka3YSB9zoLc,25615,1861,276
kaK0QUeJDs4,13524,637,117
kcUTnM5Flpg,17930,1024,294
kceHa2XteNs,1200899,42274,1707
kckB7upE7D4,4336,153,0
kd3VpvLtCdo,48922,1261,150
kdQjdQUFzBo,48189,971,68
kgG1oJiE5qs,709556,14171,985
kkiNTet5G-Q,201559,5605,427
klMo0d2-VOs,159744,0,304
klx-_N0XMEY,966,98,83
kmEe1kb3aAQ,321999,7739,564
koNVREBxap8,53171,1854,188
konXumXsoFE,921936,22041,1097
kq2oO7fRbB4,2942,131,20
krOzZPUb738,316594,4710,561
ks8kkvFdD0A,858,0,11
kskYkzRzE40,415,37,14
kssJ-jhOFPA,15625,1126,256
kupDrmKBW4w,531,26,46
kv7cn2yuUCc,4038,375,147
kwMIisZ35QQ,27449,1637,158
kxVFwfWXSSE,6691,361,64
kxphTNBJyRE,379,43,6
kyefcNqiZOA,11746,657,61
kykUbX2xTw4,545,97,14
kz8L5quDgYU,96334,1817,273
l-lPCxX7ySg,14965,815,92
l0eB8kD2EHY,1147566,30489,3167
l2YVDriQtmo,19304,692,20
l3050mDF35E,8236,622,116
l37i8s1uUx0,30919,1379,60
l3q53uYhG5c,2464,36,34
l4EuyIXEFoQ,12912,267,64
l4jA9-Kinks,43770,2839,146
l5K-jH6FWcQ,116006,5631,717
l62LKcUAKgI,43292,2312,475
l8c3tgZNm0I,62279,2555,206
l9hIJpOP5Fo,1641,23,4
lDc5m69DlKk,54813,2484,180
lDkAhaR_cyA,62030,3732,491
lEgYxTAN36I,4915,335,11
lFDIdJ71AWQ,265498,7848,349
lG54jwwvTrc,551,158,279
lGlWteaA0G4,1712045,50457,13369
lH-ebkL3l9w,231176,4929,745
lHdUFJCkAfQ,17106033,470419,50461
lIqdJj4T1Cw,94491,3429,432
lJwPQhuSE1A,7019,0,33
lLQcFpgbMOk,104809,10360,726
lNndYqSObXs,482207,13882,1375
lOF4vVxBQ-s,1060257,28442,2000
lPCnUCvh-pg,1063380,13973,1637
lQ_4IeSVUrQ,780810,29585,3094
lQfMYUon9fM,8077,261,16
lQxl7v4iZRU,238387,9026,529
lQznuY3DJME,585016,13694,1316
lSHh9qJOKjs,1914,208,26
lSNCL4_9PRQ,16411,629,26
lU6kLVcswVo,78433,5504,306
lUm0atjqE28,2538,38,16
lUy-hP3V-1o,3679,339,62
lVXOTTJ22rg,9882,77,90
laMjQjbAHPg,261177,3501,253
lbR5yzJz4uA,22237,1241,189
ldUZ0fTOj7Y,497991,20511,1235
lfBJnEJRlt8,300856,5360,75
lfq08YKgIDE,342023,8481,258
lkJ2Zj82u4g,7280,180,35
lmE0KCYGpSY,567374,12589,666
lmisnxYQvhg,10494,543,41
lmrf2EjUVa0,1170485,24094,1116
lnxi--Rx6Po,1991739,59146,1556
lqpsgJpgVBw,6763,479,157
lvaLXUyP_OA,10156,297,63
lvnYzUBzNWA,70024,3237,314
lw0W4iSHbaw,216044,5738,509
lwno0Z10TDg,64454,2251,604
lx21W-OILMA,216,18,0
lxiqhrQ0LK4,2649,96,23
lylnNLNNcbA,954183,27057,919
lyoIryqJ08A,6753798,235536,15528
m-s5vnq0n-w,7317,339,0
m1j_vdxoAPo,1867917,55800,2411
m1tQXkTN47Y,52194,1759,195
m2rZfVLkRJ8,225237,4509,450
m42_YBQeQ7w,24858,1822,134
m44h896PTUg,28781,2075,254
m4MbuuTmMM8,5483,293,10
m5YtJQLW_Jg,564955,24314,2070
m9CvfPR2L5U,64159,2158,113
mBFUFsBtQX8,1361689,22573,807
mBTU2jyn6yU,19051,1232,87
mBqdFmLnKCE,428,62,14
mCGXIuMuMkM,13779,547,232
mCGanrWZeu0,635705,18854,1093
mD_eFV8Igr8,1834742,45656,5643
mEGowrcIw9E,1760,77,69
mE_u_aqJxMU,105,7,0
mEd-p7Qq4jQ,14512,74,1
mF98At7oSY4,180737,4251,720
mHSzgYb-6iI,3270,36,5
mIWo9H1wfc4,960257,34141,4931
mIghkGjG3oI,24028,1951,110
mJECT0x7ick,866,67,9
mOxxtznRdeg,6407,526,51
mPNc4t5W8Ig,4738,133,8
mRGsu99YAPQ,6094,508,51
mRSmk9PBRmA,21048,997,92
mSqSqtg3jTY,4808,286,11
mT754_cnPBs,24854,1557,117
mTCgnJCyz2Q,820787,8754,1320
mTVITLQ8Wq8,437043,20206,1609
mUV_Gr4ob9Y,335,16,9
mVOn6Uss_7c,42190,801,70
mVTtTCPfJT0,150343,7825,455
mW4PwgpwCGE,50585,3651,509
mX9rUsrSadc,3074233,83175,13633
mYaLS7CmGdQ,39575,1478,74
mYmYKGhBeIY,4634,233,172
mZEyGBo1SwU,5410,408,54
mZOoi-ogbuI,117,23,11
mcWEmkXF4ik,688382,13844,2517
mdDtV17StXQ,170510,6849,250
mgwJt140qFI,16946,356,230
mjZXOo365-E,34111,1051,94
mlwNNnWiGrU,52489,2599,255
mm79FIZQfO8,1234024,60407,4165
moyCKiESj4E,62155,3004,141
mpDjtthov0E,38903,2979,513
ms0C6r58tiQ,137115,4196,342
ms0mFEOfiu8,64,4,1
muuvdPI1XvQ,302540,8703,426
mwFU88IBe0s,239698,9431,787
mz9__Z7wrwM,95814,5030,208
mzLG91slZYI,206299,3348,371
mzQatvdmAEI,602042,14736,6574
mzlQGtKF2nc,161785,8019,259
n1-q5-1NcD4,27091,1376,71
n1jPXONfxjI,541,41,16
n3rW_AoutiI,157853,7228,0
n4DJD2NH7ns,91913,4070,172
n4fnyoOI1Aw,90277,1827,136
n4gq6DmWX8E,19864,1148,114
n6b30Kc9ZOw,335005,43238,4743
n94GQFkz5_E,783,53,62
n9jXkVvpDvM,221256,6147,304
n9mk2WCvW9I,47940,835,118
nBQHwf-gi2k,750784,30321,3122
nBknI_wzeDY,62622,2993,242
nCbla8yws6k,87958,2264,299
nD04ZXWkC7A,234820,13605,1317
nF23NLVBcdk,1219,51,2
nFaPIsfZRDM,58,7,0
nFm6POmCyrk,729,78,12
nGCOmxDWVLw,287630,1627,102
nGak4DeFtDc,86926,2306,213
nGhFWhfZKpM,24961,1450,340
nHJFqf5YRXc,7514,252,18
nHLYrVD5npo,2195,129,162
nJ0ZeFQoyOY,2609,47,21
nJUXPpqB6VE,5961,318,52
nJrAdKC_6Og,224059,6439,391
nL6f2JVWkzc,527898,12901,1562
nM1lb3EnBbk,381971,10139,487
nM8VDXb7Qog,40156,1735,0
nMAO6hx8w6A,620890,22575,1944
nMmYXQGZ_LM,752,25,4
nNyjXu2oaIU,273359,13443,596
nOsxxtVS7fE,17360,1183,97
nPYbWkiGveo,3906,58,8
nQ-4mPO_rug,23313,988,139
nRQq8eSvSIQ,94833,4413,163
nRs-LD0Wd0M,134492,4093,449
nTTnNqw1awg,1294127,61244,1521
nTvBsO0v-Ws,29256,1410,105
nU9LtLvwaQc,8554,130,35
nYBYvw74-DQ,36846,2057,210
nYMpN3oOhuM,232604,5935,193
n_EVldaWng0,121748358,1732730,101173
n_u7sgSZkYo,38779,1815,236
naDhqgjtHp0,81178,639,303
naba_kFPCcY,174368,13618,162
nc8JE6Jznb8,1673409,37466,2100
ncGIO6kcN84,168754,5031,227
nd1jBO0llK0,29545,2029,348
nffyrYzzQG8,84547,1858,109
ngMwK3xf6uc,94331,5843,270
nivYSwmGz2o,44546,5829,612
nlaKstONAaI,53680,2683,127
nmAINhpI8j4,8669,216,25
nqhBVM5-SmU,2936798,62653,4298
nqz1BBMWWMQ,57007,1493,100
nsCCqw1l4-8,262583,2454,239
nyJWmeHnutM,462746,19612,1205
nyZymQyUji0,575776,9007,708
nzfo9HbB1P8,1238,14,1
o-I3x_-b9MA,189117,6166,1501
o-e1coyBf_0,471859,15198,1556
o2EUaGcpErw,13549,422,100
o56PwyvyeaQ,2745,64,7
o8rlDKzIQik,118728,4528,554
o90DCY4e2k0,3543,96,7
oA8W_Guoeo4,177540,5440,587
oAvtmdAnZCU,38578,2050,310
oBRC6CxfzZI,1055,28,0
oBt--EcqJ24,67,2,2
oCjN8zrUzFM,550214,12037,635
oDnKeBPvr0o,132021,3539,254
oDw3zpHDS3w,106787,2241,119
oDz3xLHFUsA,17111,214,24
oEnVBNnNBYA,76771,7646,417
oGMXfF3F50I,530,42,0
oGuEcctNshI,2942040,111524,14634
oHznBlRBcPo,14073,1204,116
oIB4GxgZ5eY,5000,438,37
oJVVWNM8828,36717,783,55
oJwF_XNDZ9g,289231,20960,1543
oK2l2dMDGlg,768300,18321,1182
oLUiDrMuopA,1690,14,1
oNsQS9n2CFI,4138403,79429,7181
oSNp7V9ZVUY,356790,11856,480
oUG5pTb0q-k,341160,8145,590
oVpDXIKA69Q,194042,13377,1097
oXPwnLZyO1w,2269,87,16
oYNHeWjc6EM,74504,1921,58
o_eKAIxHJ7o,2588,73,49
oa-GMIo3dpQ,122043,1861,335
oa3GVLOfWws,887397,27627,1446
od5uyckfZZ0,4521,210,6
ogKvfsYCP3U,6453,334,8
ohwPQhHSwfc,523330,10312,231
ok1Ig_5oq-w,20947,1192,63
olL0cyfRwFs,2457,135,35
oodW8q8MMsk,680,30,2
osKk1bFVPZI,41158,1188,93
oul9IITqAoA,2714515,47626,4527
ovQi8q94wtk,49632,3505,195
p10wmSrEE2Q,676965,18382,517
p17KlvHYRL0,9679,0,83
p1LaUfLyYpQ,382,20,5
p2azeYV3YN8,32320,1257,107
p5hF3mbtswo,195,30,16
p5hraaDYPM8,4480,391,50
p6fyehGwPc0,124730,3178,314
p7unyZ4U1HA,38948,1520,267
p8RR0srNNDw,53040,2024,133
p8h1aFve05E,3078,169,69
p9vyz_HYKZM,308830,9392,811
pAyhlW6r84M,129558,3460,664
pCxtEYH9I84,276370,5448,885
pDvS1mifo2o,136451,4191,184
pFRJ4zqHo-M,445638,12676,779
pG9xb8OBzvM,889,16,0
pIhJ6PLKelg,2918,44,3
pKG8iA2oDbg,7893,460,106
pKNo_mP-2dc,588470,9662,1096
pLT2-jZTPi8,238878,8534,363
pNAjL71DIzA,1952072,42030,1529
pNQ5t1cazro,4917,33,3
pNvt3OL0HYI,2898,142,42
pOt30zljCYg,65506,3197,127
pQqcWZCvt1o,11805,222,66
pRuQHFmwfbo,10291,149,132
pSZY47YY_AI,34631,1634,288
pVi_0uV4oO4,314837,15848,867
pXNjpmV79xY,867,46,98
pYglfEMYj68,105,28,4
pZ9JIf7Tqb4,202849,3878,290
pZCZT41ikYs,32804,1065,587
pa9NtmUtI9Q,162263,8776,1259
paUexVQQ_0Y,24535,2302,298
pcJ4LAgfevg,3399,128,8
pfFdYPD3tyM,790,4,5
pgMFAbT66Xs,12670,117,27
pgyCi7W-gbg,3795929,75579,4536
pgyfXG8mmtw,76391,3051,228
phG_X5ks5xI,22700,1203,61
piY6UPFcg4E,146724,2601,351
pikBCAGvTQQ,298321,12987,1586
pj8e1qh_pFw,50102,2291,357
plIRuVCIHoo,354794,9127,864
plrmKm8s24E,28477,1432,401
pluh28qwVSU,1158243,36916,3696
poCFGyWuPAI,6489,459,75
poP4WEHiHFg,593435,18618,1776
pod4UBLV_so,2879,110,8
ppw15KnP5ZI,530,46,11
pqEiNd-BodQ,128997,6673,174
ps_futMHK_w,1141671,25808,1300
puxKH-_9xGM,10607,380,49
pyUP952W988,374285,0,795
pzATTm3D-30,5296,416,40
q-ZoD7nfwnk,278230,6705,553
q0jiplnLE6A,495,40,16
q14xrmd8R6s,19207,150,63
q16j0aCbC-A,181371,3458,338
q2lXryDiXLk,22637,1348,84
q3ITD7_5zXU,799,41,12
q4a7AtJTjGQ,26407,1896,205
q7GvJdxx8v4,122193,2639,164
q7QzU8Q4ocE,339,53,48
q7w7QXvUVEw,149806,6049,288
q86_2e-nnqE,4321,232,6
q9KqyXi6IRM,10195,513,135
q9lM70QYN78,16441,182,43
qFcd1RYcufE,152608,5925,549
qGs-DWaJS3I,13951,508,98
qGwibq3JTdI,3377827,38360,2096
qGz31Hy9jxw,65747,3802,274
qIbwMzcY-Fs,468173,9112,352
qJVr5xOoQGo,27327,799,59
qJjZNfhWbiw,1306,24,4
qKfeGCqI1Nk,134539,22522,2110
qMmHIjfF4d0,42853,1300,134
qMwRJXEZJ6k,3276,9,0
qNK6fd81u2I,3929,82,3
qNflC8kvKjE,10087,257,24
qPIzoLmZwsk,48198,2183,117
qPLQ2AR_Cu8,93934,2174,239
qRD-e9S9IgU,167171,5596,678
qRd5BG4FSA8,4887,166,16
qX5hBgRIG8Q,3100,12,3
qY4fwe4_FDA,59208,3090,132
qYdctclNUjo,13384,634,75
qZgAQP1EhPY,377964,13782,274
q_brJ0LF58Q,53198,4014,268
qbISQ7JAYBU,319151,13634,1452
qe16IBUcZmY,664016,17318,601
qeIaAt1wEdo,413331,8347,443
qfbf05K7iZo,82316,3456,236
qgWHYyIYy2Q,2058,58,7
qjUo60HwVuo,215071,9241,857
qkZW_IqoBBo,1620709,36679,2084
qkknfCePY8o,2736,201,40
ql1RNZzrs2E,96,5,2
qlIjiP0U7iA,288253,6819,466
qoNACuakc78,183,26,12
qohm3c5K8m8,226733,7565,945
qqHxrueU4iY,278,15,3
qqVDjrh93xA,66295,3185,426
qugduxazBBg,8775882,88056,20708
qvx33hV_fUY,187111,0,873
qwpsa6u29u0,372865,7315,438
qzdU92L30NA,119071,5566,404
qziP7Oa67wg,121042,3312,85
r3dDJtUw-XE,563,28,3
r44uV9wRSK8,73641,2880,179
r5_rGPunG-w,20423,1374,95
r68y-IoMGtk,3280377,46920,6293
r6QmTo_yFRk,343464,13155,1297
r8Eek4UDtaQ,70342,2333,166
rA5HR1G8rfI,1188214,39748,10001
rDwuNncdXkI,65351,3290,250
rE7d8tNmxJo,71199,3283,886
rEt8Cfm0DLs,769,11,0
rGBo_Xr5JT8,836,18,1
rGI-ybl6hmQ,5790,740,176
rH0goRmv83s,77200,4866,333
rJ3BBhCpx4M,12244,539,243
rL7THDp44bo,74388,2221,285
rMhh-T_3850,30459,1535,557
rPaYydO--dU,92230,1392,477
rQ0zqHlIs3A,381644,11897,1338
rSlt7kxx1fk,156491,6826,298
rTXxkwnfLQw,5724,419,93
rUqY_dUpCDY,15664,1248,164
rVv4f68pPoA,45121,1227,252
r_sGpp6plHQ,1859,100,25
rbCTleUcjqc,61,1,0
rbvXpMfZl2I,280763,6012,506
ricDgJt5sCQ,32976,1080,32
rlIV6RC-sK4,344,38,60
rmQDjbvJVik,36092,1482,157
rnd9Hqot5RY,3414,101,44
roCaFODDTbM,3585,327,43
roeCpEfT7r8,24246,574,0
rqhfSZHmbmo,1635,42,15
rr9vlpo96d8,404270,7447,684
rrDe-q9Div4,2452,240,40
ruBgmdFjSMQ,35103,1611,212
ruElibcApIE,78169,3957,183
ruVGGgnY-wY,88230,978,224
rvToEKQvF50,41584,2947,667
rwDJonZagL8,128683,5625,471
rxxIlxGqOvI,663434,23145,3278
s-7XxMvb09M,789,63,55
s1_Bc_E67y0,2022408,48313,5121
s2OEykrNIhw,8458,70,10
s6J8ZfrnXoI,205872,8013,317
s6WO91bUoaM,66560,2553,367
s6njeSpydbc,20981,1195,141
s6qypKUMctI,34039,1175,85
s7csFCp5Adg,16858,562,204
s826RP5rv5E,149767,4631,151
s98azhtH3Dw,849222,24707,2935
sATsGNBRD9k,23384,1390,82
sAiddfV6n0g,464,8,5
sBeunz-bOlA,2468,125,53
sCaAOkdjzkU,1723,36,3
sD7I3u5xxUo,66332,2176,221
sEdc4HVFOfY,25157,1324,127
sGNo1Z2uHio,3014,177,103
sIDgYpGccWA,12339,945,190
sJtqUEZe5b0,15275,1426,32
sLG4lh63BLA,50225,3238,342
sNKK3aX8Bd4,39497,1352,152
sO2swdX-5SY,2160,75,18
sOz1Zyg42Gs,417060,12697,325
sOzt7izjONc,338437,9489,1744
sPa-KzBF5fw,4980793,313557,2965
sQ8-amHR7tY,27123,2071,305
sR9Ns0aZMK8,1255,62,12
sRX0LWY7eCE,114622,5869,735
sRXO7kjhCA8,95767,5442,758
sRd_FC4U5d0,34817,948,295
sSNoIF-wAmw,5153,461,115
sSv5BMvqVPw,354,29,2
sSwPw5r5iHY,54513,3547,293
sTAp9uDvlPs,83682,3069,106
sTU4mOcJvEI,64031,1484,305
sTnV8lcXHz4,43602,2062,107
sUM-kDlNiWg,128524,3338,133
sVTDPKvQfjw,35620,2415,174
sXsHYugynnI,3248,45,3
sYFJwt_OU_c,7438,547,102
sZb2_4VWzVw,3370,299,46
sa07Wfk2HQs,554412,1181,196
savv4fk8B4U,280336,7328,532
sbQqdfjhets,1483,150,27
sf4wICUY4xU,41017,2586,1070
skoiHrfdETA,26928,1465,52
slOnKFQc__Y,200074,6081,509
sn8zpmSPWds,343855,4990,170
sov2E84wmhQ,213707,6100,1354
stIB8C41h0I,16054,897,69
svwxw7iB-W4,63633,2687,179
swOdShaXNps,319403,11721,1078
sxPHlv-5d1s,27002,1516,120
sxqDOWgkFL8,219717,8121,528
t-4N9G4C_bk,102663,5203,225
t0DyWkA_wbI,89595,2009,163
t0L4HtR01hw,271,6,2
t1KCgUL62GM,37463,918,145
t35VVrWzd4g,209285,8011,403
t5-r4LJNCQ8,1076,7,7
t50jstuxy1Y,33043,2065,148
t7HHM_T8i2U,138401,3155,360
t8V2_4KB-LI,844030,23284,2009
tB8xTODnh0I,484135,9197,742
tBLvHKSuWaE,373440,9114,2424
tCu38d1ycMM,33840,1503,167
tD9YGqa-xrA,80850,1075,83
tDD1cQALLv8,44134,2705,91
tDUdeWR0FMo,24246,1995,151
tDajKo9R3cE,237,6,1
tDmrvUEqcnQ,430,19,0
tED_WGpnHVo,201889,2537,127
tF_WXKk7TYY,54750,2885,205
tG3Uh1cLEao,11917,534,16
tHksfBT2y8M,15768,1116,48
tIEV_f99IQ0,131748,2571,302
tIxUUl_nPbo,562,37,0
tJngrUIZ10w,516,0,4
tKuABQSveuQ,1858,207,62
tLnvXS6NFaQ,40064,832,142
tLzf_0-3KtU,957,52,17
tMWvqEKsldQ,663253,19375,1041
tO9HkIQt_KM,417,47,12
tQh8umgs1CE,793241,19119,3335
tSF9Le9A2PU,92022,6728,499
tSWAd-BjvO0,27995,954,127
tSZk3cPWbTA,443302,10431,2582
tSyEn2w15BY,138675,6040,403
tTwux4luqJc,75002,4277,197
tVCNar6UXZI,136233,8161,1539
tW9cnzMZXhk,10438,485,17
tYALRFw3Ox0,11525,513,95
tYLFoUTJuGU,2056994,50505,16062
tYjJMG2m4kE,534395,10273,1606
tYlsZMI9Ag8,376787,14236,734
tZp68JiFAQI,497,73,8
tcwkL4L5P2w,50395,2534,99
tgBcEpjxw7A,10018,488,84
tgzwr7hOgK4,30,7,8
thA7BQWeWfM,415004,13759,1196
thz5G93p5E0,66831,2830,289
tiiHMwVolQI,62958,1949,273
tjDZ9-6PxiQ,0,740,147
tjMhoid4jVc,60537,2565,894
tjdneKZMLXU,29464,2426,215
tkXzcF_kxeg,478,60,10
tlGCPRGJ4yo,498,34,35
tlpEsiMjKs0,297,2,2
tmVl6tiBPug,88340,6574,284
tmVmWrLa-PA,104421,2703,153
tovnfQwtros,282844,9514,957
tp_sWmrWdrs,92562,4258,546
tx-F7DKfzmk,1287,146,7
u-XWJ8QUFQk,47107,2397,469
u2x9TXyWXPE,814,44,4
u3GQfQNRsFE,56505,1785,27
u45J9aTLMbM,1408157,36061,2039
u4GsXRzTqf8,8755636,37495,0
u4VmYiULPBo,493647,18123,461
u4xWsDR5axI,4775,384,35
u5FDJtdE2jk,1066996,11171,1326
u6uj4yjTn-k,6067,607,158
u7cm6QhT1Dg,12901,129,35
u8DnYviWHA0,1160,67,11
u8V1Cp1Wsnk,128802,5380,405
u9lyT0XBuOw,1564,129,19
u9sOUhj389c,1269,61,0
uATKVv_CJhA,376421,11651,981
uBP6eCTV6ew,214746,5471,539
uDou6Hy4ZJY,3359,236,31
uFJbwUDWwQ0,122875,3691,329
uHlpkicokAA,7469,134,13
uHzkGJZsQVc,160,16,28
uJ7xcSwQC3I,1034,43,8
uJnrqPXBWXk,15718,625,80
uJxvnpDlRvQ,339185,14475,847
uMcu2rbrnIo,128829,9030,997
uMfsQI351-Y,12108,884,66
uNCO4gPu3C0,559,17,2
uOzvJDk6ZiQ,66217,3366,240
uSqIB7qvxnw,92226,3352,189
uTPpdi5OIig,3200,51,16
uTwEpSEWkm4,289291,6912,417
uVHQlP8uYIg,61512,2746,94
uWBzWoEpZt8,278,12,0
uWdQxpfwWs4,6636,281,47
uXaGRKM2whs,85603,3394,258
uXjQAtBEuds,1180213,22364,522
uY3vtYJns9U,37223,2410,83
uZ2KNNuK2B4,65671,4313,427
uZo00oLFS0s,880441,15056,2131
u_LTA0hlwYI,768852,21816,1037
u_zd3MQ0OyY,129641,3545,299
uaBTyt6uFQA,1384871,37270,2299
uav_WP4G5IQ,5855,130,24
ubO784YDsN0,82956,6161,464
udbuo-zyWAs,97482,3849,157
udxRkas0bhY,85615,3118,93
ue9toKAhTtA,926,62,13
uemHFgDwS7Q,595291,6680,0
ufL2Oj1EtxA,1522,22,13
ufkYAsf_GM8,697102,29403,4593
ug5wZ_siXug,3536,237,24
uh6w-omp9W0,1263,85,53
uhI487_cXag,83662,2601,190
ujsu7-KV6pI,1859770,34997,865
ukGmWQmG4MY,799148,50201,2935
ulArT3oWyyw,42710,1530,216
ulGmdV_1Zyc,8826,268,86
um8hZrjflRA,6552,695,139
umyv2V49chI,13516,815,101
unQpufdoYWw,285866,14480,1249
unTM04ne7wk,113468,6600,935
unnmgu4MUWA,27382,1105,26
uphWgpwpxT0,71855,2710,217
uq1trByhmfc,1138,135,144
uqGlGjFR4LE,3333,221,42
ursL3pGfq5o,856,98,14
uu2B7zXLDO4,123780,3135,151
uv7XLmg9o9k,67303,2568,65
uvh2XtMN9W8,17041,887,278
uxAUPU1Gi0U,39032,2333,249
uy5fH4KJfgU,61953,3081,31
uym-1BErfOc,8556,916,50
v2DFIQl3JjQ,2075741,33960,2079
v2SAhs5jy4k,94448,3541,254
v2ZSSZQHk_8,467917,13332,391
v2vBaW9CmRw,542,43,111
v47IN7NYB_c,55251,1730,79
v4EwZ2B05qM,1108836,21009,1074
v5AZyo6G2eE,14441,102,57
v8RYbc8PvuY,1806,55,25
vBu6fEVIZFY,775628,33270,1309
vCXiadRSUBQ,79473,1679,276
vDyDvo-4tg0,46219,2691,75
vE-aYCxIRaQ,7521,237,7
vFTVwADvGKY,19643,1057,100
vFU8Yf8O0c8,167,25,10
vGj44tTlVIs,316,47,34
vIofLAWdvKU,298,45,4
vJTj_7fLTzM,534692,27812,926
vJs4hZVbcEs,322333,0,848
vKXcGei-oi8,658668,24513,2015
vLZ0q5eV2Uw,217519,8194,343
vOXSTaAlJuQ,1042458,23259,1145
vSJ-MNUKzVU,169235,4637,856
vT0d85_9n30,424,14,6
vTJBF9loXG0,71803,2130,347
vUxd3yDGHP4,6289,229,14
vWMLmmhyBFQ,28259,1383,141
vXhuGqugEOQ,10211,541,100
vY45ASw41X8,9640,581,71
vYkKLnFBW6c,85619,6969,338
vZMYvrUw8jc,72926,1619,242
vbCWfYUqZIg,135671,7492,569
ve-gGv0VjDM,39767,1864,247
veTsMNQ0HOQ,2845,72,52
vfsJ9M74ZP4,117696,4190,521
vgGYRK_AFMM,1609,139,51
vgHfpMFRDnA,46990,2959,120
vgPFgIilI9A,145730,4605,427
vge15YEaLbk,5657,88,33
vjg1AXumXR4,5935,154,19
vk7_uI-V_9I,181,10,12
vl0HKxs2Q6k,5370,573,156
vlXUmXkTaCs,3914,281,29
vloz79X9EeI,3465,138,30
vnwQEJmFtLo,47563,3014,97
voJl8cH8Zpo,13487,1227,332
volmZv1dva8,674229,12391,612
vpGYmk0kg1E,103954,1063,26
vrwkd3W1lD0,691411,31855,2486
vu9nh-A7VH4,65469,4530,264
vuQqCtkpOTc,27507,905,180
vwIIeiOhTJ0,3287307,39088,8964
vwmwPlFX3e0,105762,5102,436
vxjo6RH7hz0,353924,5241,784
vyezxhPOZsg,6010,58,3
vynTh30p49k,64886,1285,265
vz6yb_rjCKk,1444,47,12
vzSmLYoOMc0,304,2,1
w-uejeoxpLg,4126,316,97
w01-9uhP6qk,436,13,1
w0J2LGBV6-I,2045,33,10
w3XLgvayYFs,193748,10669,944
w46Fslwmujo,2545124,40370,3214
w4KFbZKTj28,66464,3907,154
w6iYMAgUpxA,67836,3014,188
w7W6NcwvFic,109492,4200,810
w8GdDhQDvsM,23912,1197,59
w8b31St7GpM,5256,299,18
wB-NrGhIW6s,42445,2594,165
wDqIA8MYXYI,45307,2703,222
wDtgH88TpmU,725,51,20
wFX5hVPDxg0,597426,16442,586
wGyBP1ec3Kc,471358,3764,324
wHGYz9tbcEw,637946,22378,1997
wJ-wYa4aBgQ,17936,900,90
wJJIlf6NBpQ,208589,6989,728
wKlxcr-judM,38265,2625,802
wMRE70ewaRc,393586,10640,886
wMW_Uk9M5CY,140648,4064,488
wNoxFXUQqWc,1903891,79790,1976
wOI7I95Oxsg,105401,5756,1194
wQEX3zBZUiM,299,20,0
wQlPhqtjSVg,62054,1412,242
wRTxSXwB6Og,1315,54,10
wTJoFjIF5pY,62505,2613,313
wU0G5wpORow,1734,50,15
wVjM7B4wT1M,103783,3787,234
wVjiQIFbcE4,112877,1263,155
wYK5yOptg9g,254847,9818,1719
wYcB-0h-b68,1523,78,33
wa9nSRu9bA0,1099453,31034,2540
wax0d3rTiJU,33118,555,48
wbA9Bk4Xy3A,59706,2120,196
wfch_D1JahM,44835,2692,136
whOVT9bgvg8,244863,8997,98
whQvP6x2yMY,1443,57,15
wi2JR9vZvm4,20,0,0
wiZfB517o3I,32883,1027,39
wira2nf3DFo,25614,1757,191
wkBlLJhebX0,336361,11842,506
wmCecoqwQXo,9518,63,8
wmSnxN-zQsw,14764,914,107
wpnWOgl3MVc,1900,71,6
wtutMF2rOqA,107,4,1
wv0dKyMn3HA,717626,34348,2853
wvKDyTTMFUw,940,71,17
wvo4y6_Hy34,745984,41522,4743
wwhHD6xa70I,184208,6163,246
wx3uGOoKJRc,6152,94,16
wxGmR3RfBqw,2311,188,20
x4DXHbnG8Sw,6462,411,24
x5BPfHKtH_Q,1519,95,11
x7djETYCzu0,66828,744,109
x7m3Cr6bK3s,5806,293,28
x94mHa0LeRs,121845,5507,597
x9ONPpzEytw,354,22,12
xAxBCaYbUPI,44,6,8
xCc9yVq6Ag4,3447,44,2
xDf1G8C5oF0,5516,524,25
xEC_W6DHRjk,156268,2643,224
xEjMwF5MrVk,223605,5444,918
xFsA-svlEUQ,553646,18500,1109
xHrqHulxK7c,2699383,77753,2017
xJqJLaox2Yw,207326,6025,640
xKOsZCpCVm4,250339,11897,583
xLbvAdzxmhY,19909,975,110
xN-bsk3LZ0I,515,2,1
xNhBvveK9rM,1079598,41086,4044
xPS2OWccG1g,605,51,12
xPvDiUGi9lU,6464,653,97
xSDlst1c67U,1260,30,17
xSq5MtZjG3c,4699,395,37
xTZblAWYS4s,255332,6358,733
xUPYc411duE,73609,3254,267
xW4FXlf7JlQ,17882,795,112
xXuErZaTcbc,2264169,45551,2010
xY6FZioxlgw,2016997,33901,9928
xYmlSjp22wo,9948367,181938,0
xZBccbBIV7U,31772,1538,223
xayG_VtzUIE,59573,0,198
xbyWkrMkSC8,1147248,48110,1375
xd-4sPjzFfI,1778,165,35
xdD7iQ6sEK4,31496,1358,27
xedLjMIRRRE,861803,25771,2420
xfH6KnFaCK4,506938,9926,805
xfV7AeFg90A,40311,3189,111
xfnxjGiz2Uo,151706,9016,384
xg98i7oWINE,1507,40,28
xgOjm4cqXoQ,155,10,0
xiMoenxcnbU,21872,616,178
xid2dKmJKbU,1511,43,26
xkNjdS5myEk,3977,315,61
xkO1xSutXmE,13355,1030,293
xmJ8TmUtpdg,11679,686,47
xon9s2T0Xxc,807214,35253,1908
xq6cedD4-eo,3880977,142451,12567
xrKtvEh2wO8,140341,8297,628
xryGmTIdfs0,72167,1839,261
xuW78dDvdW0,1386463,32760,1565
xw-fQEQx8ls,5040,241,25
xyzndr2MA0w,556783,9421,589
y-cb3qVBDb8,39933,0,258
y0ArM7kMPnA,33630,970,189
y0gG7Tc-wHw,13708,1715,261
y0i2HU4C3R0,554,36,12
y12Ms-DaXv8,39781,1253,177
y3-6ivWqqr0,49874,3522,284
y3EZ-yeGqyk,3271,89,27
y3UA461qou4,29,2,0
y49Gx6k4TjY,110627,7116,602
y6uJTEA_I6M,12793,749,87
y6yrAADHdog,33134,1073,97
y7DQc6s7LwA,55410,2024,788
y7ECCYITe9U,10783,544,67
y8txqt2exjQ,732170,26157,1767
y9ApSkrvLKg,266444,8242,1175
y9iCFcSaD58,53873,1512,175
y9xOKcZD0xE,10927,455,61
yBPYd8MUBqA,8907,606,69
yBeRdhX1FMk,2456,63,15
yDhPeWxwDmU,180559,5292,674
yGULu6ml0mg,19882,345,93
yIw_cMjgYGM,24573,651,44
yJvHgcgUd2c,164346,1736,258
yLK-4bcZVtQ,96561,3425,210
yOw0sYXvbIc,537962,9262,615
yPUCs7KoFXQ,2744,360,50
yQX0pb0wbiI,6290,89,7
yRD2VSyC9n4,41015,1578,70
yT-AvSw1sfQ,400,19,7
yTodbkvVU9Q,10265,970,48
yUfIdxgnUnM,532866,13132,373
yVhLRI8p7dU,153637,2710,276
yWSK0yj7hw4,27376,944,443
yWWj-45afQ8,481220,7624,700
yWzNzZ1GGXQ,7301,276,0
yY2sPSkzK4k,112423,4378,189
y_l2ueSJ55c,420203,6428,129
yaTecmbw82Q,2566,172,32
ydk4GIjo4cU,20717,1502,164
ye9AqyZ9B84,878544,21576,1471
yeBSDsvG6rg,648630,4308,377
yh0JGWznqmM,13378,504,50
yipgsW7zfbE,37341,2517,105
yjIldaM4C48,30120,1151,102
ylwiOLab5AA,2460990,41407,7070
yofJizucK4E,324888,10688,1045
ypeYMJuMoSM,27262,469,88
ysLKE6PrK8k,19820,173,12
ytqjKNY9kzY,559019,23193,3540
ytwrgKdB6Oc,99879,2254,162
yu0ln-ehXOw,1083,91,0
yv8Bi2xcSK4,716,35,11
yvURXdc9xlE,2989,142,34
yvX6GqOU9OI,20573,1027,103
yv_SeX8Q7hA,89532,2804,151
ywHn0gQQGgg,425939,12756,2033
yxiy_9Cxd94,18728,1220,173
yxwM2RwbT0s,368,17,92
yy4-v6lxAIE,66449,227,54
yzfknC8_wr0,32900,2356,204
z-Cv6PQfaF0,327,30,5
z-HStsCLZ9g,534803,20315,1350
z-jA5xiynNE,4822,98,5
z-t9cXwncQg,374629,5476,931
z0hJW69kD4k,36902,1509,170
z3xTNxYE5S8,66108,1262,161
z6hB2QM4xNo,42609,1993,398
z71dKXpOaOs,4970,247,53
z79phJOsx8k,133016,3627,380
z8A61wzZV20,56772,1545,242
z91GDl8-CgM,460620,11578,949
z9f12-_t544,259571,8150,223
zCgmAjnTu1o,131295,4185,717
zEEH4Q0D4LE,71138,1873,166
zEKxj6RnLjc,85644,1803,307
zELwsGI67oQ,3273,209,45
zFhymOPz2lI,610,51,5
zHlIB6ypY3A,47,10,9
zJaj2kaCd74,9393,566,137
zKEeeOArHc0,3155,180,62
zNdxSfHDt6g,482,22,9
zNxi-9LlS6g,7387,616,50
zOULceGOeSc,251613,13104,1047
zOk103o-LDg,3585422,62701,6792
zOxzHZdN6HA,456,40,0
zPZjoBJikro,68382,2997,459
zSSGBbOkxUM,22554,1072,106
zTCNb5qPw3A,18974,1099,209
zTcCSyucYqI,325,48,22
zVarrDvOmIc,63312,2557,314
zWexXpego-o,153688,2824,718
zX41c4ZXH9w,106744,3778,451
zYZfK4WvGhk,93,5,1
zZqpG54vou8,279,0,0
zb79c2x8JY4,2368813,38220,2396
zdfnFZDU-Yo,71785,4639,276
zdk8yETuBcw,233,0,0
zedJAOBgHMw,39572,1796,234
zem70-C1JaI,2631728,40537,3000
zgorXUEC_dk,43272,1629,210
zgvwrv3Q77U,18,0,0
zhTGl8I3Z7Y,11237,16,0
zjJOawV31lo,53061,3724,495
zjLcCRtS-Vc,32095,1498,276
zl071FhqyJI,112773,5152,431
zlnkzcqwe3E,587,40,51
zm_8N4vFnZw,53562,1365,117
zpT46etTP6E,73296,617,53
zqvDHfgxWh8,49208,2761,118
zrUXJ9Ul4ak,27549,1589,89
zud0s365CNY,6673528,236319,5619
zurBNvmMQ2Y,5736,232,74
zvTP6wl9sTU,695,49,0
zwOJjQuL4i4,5135,342,50
zx-bATPSFaM,19271,965,71
